,Text,Date,id,Name,Retweet
0,this tendril will be choking the tomato tomorrow if i am not vigilant https://t.co/VOvcB80UBl,2021-07-02 00:10:57,jimcramer,Jim Cramer,False
1,this cucumber was out for blood. i snipped it https://t.co/ooJGNTFHPx,2021-07-01 23:49:06,jimcramer,Jim Cramer,False
2,rainy day fun https://t.co/2Q6zhQUz2Z,2021-07-01 20:00:47,jimcramer,Jim Cramer,False
3,milk teeth of Nvidia the Second https://t.co/8buNYuQ81h,2021-07-01 19:47:12,jimcramer,Jim Cramer,False
4,pensive https://t.co/iTyxr0QVDK,2021-07-01 19:46:20,jimcramer,Jim Cramer,False
5,happy https://t.co/PfIKtIJHHO,2021-07-01 19:46:01,jimcramer,Jim Cramer,False
6,"$MU, $F, $TSLA | @JimCramer breaks down the market from the NYSE! https://t.co/7Yvz8Yvhc5",2021-07-01 14:19:37,jimcramer,Jim Cramer,True
7,"Today on #TheStreetLive with @jimcramer... 

-Tesla
- Ford
- Micron
- Small Business 
+ More!

Stream Live ‚§µÔ∏è
https://t.co/mGc9qIStqr",2021-07-01 13:41:48,jimcramer,Jim Cramer,True
8,Closely Watch Constellation Brands Charts as Overhead Resistance Looms: @BruceKamich  https://t.co/yY7XK2ONL2,2021-07-01 12:55:56,jimcramer,Jim Cramer,False
9,"Taiwan Risk, Defense Stocks, Amazon's FTC Fear Factor, What's Up With Land's End? - @Sarge986 with your Market Recon  https://t.co/XVL4FPHrL3",2021-07-01 12:14:31,jimcramer,Jim Cramer,False
10,"""The Weakest Link of #Bitcoin"" 

 Jim Cramer Investigates Unregulated ""FED"" of Crypto.

""Why #Tether‚òÉÔ∏è‚òÄÔ∏èhas @jimcramer ""very worried"" @MadMoneyOnCNBC @CNBC @ZevFima

#Crypto (f) {#ENRON+#BernieMadoff+#Lehman}=X?

https://t.co/NoA53Dvr99

#Hedge #Gold #Silver #silversqueeze‚ö°Ô∏è https://t.co/bbeSClKqt5",2021-07-01 09:48:53,jimcramer,Jim Cramer,True
11,thank you so much for watching @MadMoneyOnCNBC ! https://t.co/TGXJWKaE39,2021-07-01 09:48:00,jimcramer,Jim Cramer,False
12,"The charitable trust, which you can follow along by joining the club, likes $NVDA, $AMD, $AVGO and $MRVL. Thank you to a reader who pointed out that i first said $AMC. I love Adam Aron but that's a theatre stock!",2021-07-01 09:47:04,jimcramer,Jim Cramer,False
13,"""Micron's business is healthier and more robust than ever."" That comment by Sanjay Mehrotra is enough for some to call a top. That, plus no acceleration in demand from last q",2021-07-01 09:46:06,jimcramer,Jim Cramer,False
14,the real issue with Micron is that Sanjay refused to say that there is little inventory in the system. He just didn't go there....,2021-07-01 09:43:12,jimcramer,Jim Cramer,False
15,$RH is the real deal. i just think that stock could be a terrific buy-on-dip story,2021-07-01 09:42:22,jimcramer,Jim Cramer,False
16,FAANG or just FANG? https://t.co/mB3C7rYJ6G,2021-06-30 21:14:03,jimcramer,Jim Cramer,False
17,you got horse sense! https://t.co/GnHd7zRvtr,2021-06-30 21:13:37,jimcramer,Jim Cramer,False
18,Best stock of 2nd q? Tonight... @MadMoneyOnCNBC,2021-06-30 21:00:17,jimcramer,Jim Cramer,False
19,Which 3 companies do you think will cater towards teens the most by the end of 2021? Take our survey:  https://t.co/0xfhm85SHm,2021-06-30 18:34:23,jimcramer,Jim Cramer,True
20,talking stocks on the floor! https://t.co/G0niVlQcco,2021-06-30 16:30:08,jimcramer,Jim Cramer,False
21,"I think Pat Gelsinger is doing a very good job at Intel. But Milan was not built in a day and AMD is no longer what AMD was. Lisa Su is very competitive and not going to lose that lead so quickly...if at all... $AMD, https://t.co/2Cj9QmVLog name",2021-06-30 15:35:12,jimcramer,Jim Cramer,False
22,I know many love Intel as i used to but this Sapphire delay is something i have come to expect from this once great company. Another reason to buy $AMD,2021-06-30 15:22:17,jimcramer,Jim Cramer,False
23,"As Paychex Continues Its Uptrend, We've Raised Our Price Targets: @BruceKamich  https://t.co/8IP9HwO1QA",2021-06-30 15:16:01,jimcramer,Jim Cramer,False
24,"ADP Jobs, Didi, $RH, Q2 Takeaways| @jimcramer breaks down the market from the NYSE! https://t.co/jfasi8IK69",2021-06-30 14:25:44,jimcramer,Jim Cramer,True
25,battle royale!  Marley v Nvidia the Second .. no parimutuel wagering !! https://t.co/iOJTegTK78,2021-06-30 13:44:43,jimcramer,Jim Cramer,False
26,Shopify's Long-Term Picture Remains Quite Bullish: @BruceKamich  https://t.co/PPuBq5KnvF,2021-06-30 12:28:13,jimcramer,Jim Cramer,False
27,europe down badly.. spill over?,2021-06-30 10:20:20,jimcramer,Jim Cramer,False
28,@SquawkCNBC Biden pandering to an undivided Congress. But what will it do. The people actually like FAANG. The pols don't! https://t.co/JZOHqk8Z3F,2021-06-30 10:15:49,jimcramer,Jim Cramer,False
29,RBC starts Plug Power with a buy.. very important to rebuild credibility after accounting issues $PLUG,2021-06-30 10:14:32,jimcramer,Jim Cramer,False
30,"yes, after the q... .I have been saying be careful into the quarter. so far a good call https://t.co/QeW8fPPUsH",2021-06-30 08:58:56,jimcramer,Jim Cramer,False
31,noodling on the contrast between the FAANG move and the stuff that Larry Williams is talking about.  Versus the rest of the market.. And the July 4th rally... Particularly $MSFT  @MadMoneyOnCNBC,2021-06-30 08:57:33,jimcramer,Jim Cramer,False
32,Can't say enough how great it is to be BACK at the @NYSE. See you weekday mornings on @TheStreet and https://t.co/GZCuwlUcRE https://t.co/o4qyoqAfBY,2021-06-30 00:41:00,jimcramer,Jim Cramer,False
33,i‚Äôve been telling people on my morning videos for ‚Å¶@TheStreet‚Å© that Boeing is a no fly zone going into the q and we own it for https://t.co/2Cj9QmVLog https://t.co/uMToIAZq0G,2021-06-29 22:08:16,jimcramer,Jim Cramer,False
34,@LesliePicker talking about NFT plummeting-- I am a total non-believer in NFTs but i hedge by owning Ethereum,2021-06-29 21:33:32,jimcramer,Jim Cramer,False
35,this Shopify is not done!!!,2021-06-29 21:12:22,jimcramer,Jim Cramer,False
36,On the floor for @TheStreet and @CramerClub! https://t.co/6hxRBgYRib,2021-06-29 20:45:00,jimcramer,Jim Cramer,False
37,i saw the tour.. she opened for James Taylor. At the Spectrum https://t.co/7ZsDyLgY8q,2021-06-29 20:44:52,jimcramer,Jim Cramer,False
38,"@ScottGottliebMD Doc, anecdotally, too many of my friends have been vaccinated and are getting covid.. https://t.co/gEGWhVkItT",2021-06-29 20:12:57,jimcramer,Jim Cramer,False
39,Marin Software volume is a mockery of a sham,2021-06-29 20:12:19,jimcramer,Jim Cramer,False
40,nvidia is dogged to say the least ! https://t.co/1tUDbEm7oj,2021-06-29 19:47:02,jimcramer,Jim Cramer,False
41,So excited to have Shopify on tonight. We have loved them for ages. $SHOP,2021-06-29 19:10:05,jimcramer,Jim Cramer,False
42,Catch me on @TheStreet every day this week LIVE on the floor of the @NYSE at 10:00 a.m. ET! https://t.co/sZMdtVWlFT,2021-06-29 17:31:22,jimcramer,Jim Cramer,False
43,"Investing in Boeing Is Risky, But Here's a Way to Trade it from @Sarge986 https://t.co/6xHGVpxn25",2021-06-29 17:21:01,jimcramer,Jim Cramer,False
44,@jimcramer NVDA II is a champ!,2021-06-29 17:12:58,jimcramer,Jim Cramer,True
45,@jimcramer So damn cute! Dreaming of that Arm deal. Love it!,2021-06-29 17:12:44,jimcramer,Jim Cramer,True
46,i am going to get to the bottom of the jobs v. no jobs with Marty Mucci from Paychex tonight.,2021-06-29 17:07:14,jimcramer,Jim Cramer,False
47,each morning @jeffmarks_ and i do a program about stocks for ‚Å¶@TheStreet‚Å© from the Floor of the ‚Å¶@NYSE‚Å© at 10:00 am https://t.co/2bOaYEqNNL,2021-06-29 17:04:25,jimcramer,Jim Cramer,False
48,Etsy is resuming its uptrend so it is time to go long: @BruceKamich https://t.co/NCc9U0xyhf,2021-06-29 14:59:01,jimcramer,Jim Cramer,False
49,"Cathie Wood‚Äôs Bitcoin ETF, $FB, $MS and $UAL | @jimcramer breaks down the market from the NYSE! https://t.co/AIoyxPw4qx",2021-06-29 14:16:03,jimcramer,Jim Cramer,True
50,"Today on #TheStreetLive with @jimcramer... 

- Cathie Wood Bitcoin ETF
- Facebook $FB
- Morgan Stanley $MS
- United Airlines $UAL
+ More!

Stream Live ‚§µÔ∏è

https://t.co/8mmcNqhKh3",2021-06-29 13:35:35,jimcramer,Jim Cramer,True
51,i am Nvidia the Second and i demand to be petted and getting approval for the Arm deal https://t.co/qSLlQthBmV,2021-06-29 12:53:19,jimcramer,Jim Cramer,False
52,last bastion for Marley https://t.co/oJHsKu8gMy,2021-06-29 12:28:42,jimcramer,Jim Cramer,False
53,"Making Sense of Monday, Banks Get Green Light, Dear FOMC, Trading Zscaler: @Sarge986 with your Market Recon  https://t.co/KkWPba4rI3",2021-06-29 12:19:43,jimcramer,Jim Cramer,False
54,"Working on this Facebook ruling, bigger than we think....government may not have an antitrust answer to the power these companies have. Lots of studying.. hard to do when market is going bonkers...",2021-06-29 07:59:00,jimcramer,Jim Cramer,False
55,.@BruceKamich Has Trouble Trusting the Charts of Bed Bath &amp; Beyond  https://t.co/gvbNlCEbhC,2021-06-28 23:16:00,jimcramer,Jim Cramer,False
56,next stop $900? https://t.co/djuwutwWkj,2021-06-28 22:30:56,jimcramer,Jim Cramer,False
57,".@BruceKamich: As Nvidia Surges, We Are Updating Our Technical Strategy https://t.co/vouJh1OXjG",2021-06-28 20:46:01,jimcramer,Jim Cramer,False
58,teething inspired https://t.co/GxWN5goDKD,2021-06-28 19:23:16,jimcramer,Jim Cramer,False
59,nvidia treat begging https://t.co/kek9Y9rVpR,2021-06-28 19:21:10,jimcramer,Jim Cramer,False
60,.@MelBrooks Happy Bday! #TheKing https://t.co/ZMfp4QMlyS,2021-06-28 18:44:17,jimcramer,Jim Cramer,True
61,"Why @jimcramer is confident that $NVDA will complete its acquisition @Arm. 
https://t.co/OuffByNl6t",2021-06-28 17:59:01,jimcramer,Jim Cramer,True
62,"okay the truck‚Äôs really owned by that mega national company, Suburban, owned by Hales! https://t.co/fLOumKtE2A",2021-06-28 17:36:35,jimcramer,Jim Cramer,False
63,my beast ! i have to trick it out ! behind the wheel is not enough ! https://t.co/V4mXEeQblJ,2021-06-28 17:33:27,jimcramer,Jim Cramer,False
64,Say 'Cheerio' to General Mills for Now: @BruceKamich  https://t.co/lt9avBRyTr,2021-06-28 16:41:47,jimcramer,Jim Cramer,False
65,"$NVDA, $TSLA and @binance | @jimcramer breaks down the market from the @NYSE! https://t.co/GYEyl5kcRP",2021-06-28 14:08:25,jimcramer,Jim Cramer,True
66,"Uncertain Fiscal Policy, FOMC, Virus X Factor, Copper, United Rentals Stock: @Sarge986 with your Market Recon  https://t.co/qajupgDWR2",2021-06-28 12:14:57,jimcramer,Jim Cramer,False
67,"""I don't think we are going to have a situation like where we did last winter,"" says @ScottGottliebMD on the delta variant. ""It's going to be highly regionalized."" https://t.co/7fqyRghcRR",2021-06-28 10:52:44,jimcramer,Jim Cramer,True
68,Get vaccinated !! https://t.co/6CNGrTEBcZ,2021-06-28 10:43:23,jimcramer,Jim Cramer,False
69,let‚Äôs get this day rolling ! https://t.co/fP4jNe8Gzm,2021-06-28 08:42:15,jimcramer,Jim Cramer,False
70,Noodling on how to become a meme stock today for https://t.co/7VCNyzf5H4,2021-06-28 08:39:34,jimcramer,Jim Cramer,False
71,"happy 30th Matt, we love you !!! https://t.co/14Bbpb4tjG",2021-06-27 18:27:38,jimcramer,Jim Cramer,False
72,he likes the right team! ‚Å¶@Eagles‚Å© https://t.co/yJ76iHfuXA,2021-06-27 14:09:40,jimcramer,Jim Cramer,False
73,nvidia learning what a leash is https://t.co/grg4bCSS3W,2021-06-26 17:59:21,jimcramer,Jim Cramer,False
74,it took a while but CMG --Chipotle --is finally breaking out and can go much higher,2021-06-25 21:29:20,jimcramer,Jim Cramer,False
75,"@jimcramer OMG, stop it. How cute is he!! They say when a sleepy  puppy lays on his back and exposes his belly, he is at ease and feels like you will protect him. Thank you for rescuing him. So cute.",2021-06-25 17:22:01,jimcramer,Jim Cramer,True
76,Is Caterpillar's Correction Over? - @BruceKamich https://t.co/o2DkAw4coS,2021-06-25 15:42:37,jimcramer,Jim Cramer,False
77,hear me roar https://t.co/WnwkPRCvaQ,2021-06-25 13:26:39,jimcramer,Jim Cramer,False
78,"i am going to take out $900..,get out of my way https://t.co/JsdZcsHrTE",2021-06-25 12:50:32,jimcramer,Jim Cramer,False
79,Carvana's Shares Are Making a U-Turn Near the Highs: @BruceKamich https://t.co/JxX2kJRDRw,2021-06-25 12:16:36,jimcramer,Jim Cramer,False
80,"I like you, you got horse sense https://t.co/63PJjqpTqX",2021-06-25 07:59:17,jimcramer,Jim Cramer,False
81,Russell rebalancing today. should be good for memesters..,2021-06-25 07:50:44,jimcramer,Jim Cramer,False
82,Who is focused and who is still sleeping.. Nike call was one for the ages.. I see spillover to Apple... SBUX as KJ said last night..,2021-06-25 07:48:36,jimcramer,Jim Cramer,False
83,Early pic of the Garden of Eatin! https://t.co/sqnvAOsIbn,2021-06-24 22:18:19,jimcramer,Jim Cramer,False
84,"why did my master tell me to sell Nike, that idiot https://t.co/LMlHRpzUPd",2021-06-24 21:46:39,jimcramer,Jim Cramer,False
85,ten stocks that can't be stopped...  @MadMoneyOnCNBC,2021-06-24 21:16:20,jimcramer,Jim Cramer,False
86,Staying Bullish--tonight...,2021-06-24 21:05:55,jimcramer,Jim Cramer,False
87,i see some Tesla in him https://t.co/RLmA1apiVf,2021-06-24 16:25:31,jimcramer,Jim Cramer,False
88,pondering ! https://t.co/x5D48B6813,2021-06-24 16:22:01,jimcramer,Jim Cramer,False
89,So many people are so great here about rescue dogs. Think of all the dogs' lives that are being saved!!! #AdoptDontShop,2021-06-24 16:14:29,jimcramer,Jim Cramer,False
90,@jimcramer I know exactly what breed mixture he is...adorable with a little more adorable!,2021-06-24 16:07:33,jimcramer,Jim Cramer,True
91,"@jimcramer Thanks for rescuing, it is the only way to go. Wisdom Panel is an awesome DNA test that we used in our rescue.",2021-06-24 16:07:20,jimcramer,Jim Cramer,True
92,@jimcramer Don't know the breed but he is definitely one of the cutest pups imaginable!,2021-06-24 16:07:09,jimcramer,Jim Cramer,True
93,@jimcramer Here is my little fur ball.  Priya says hello! https://t.co/XeawlyJlx2,2021-06-24 16:07:00,jimcramer,Jim Cramer,True
94,"@jimcramer We used @embarkvet DNA test on ours

Breed + Genetic Health Risks/Dispositions

Frosty is 10/10 Cross-breed. Very healthy boy! https://t.co/yyvyHx2Lvf",2021-06-24 16:06:19,jimcramer,Jim Cramer,True
95,@jimcramer I think he‚Äôs half Corgi because of his body type and half Doberman because of his thin tail and coloring. He‚Äôs adorable! üíúMy corgi ‚ÄúZoey‚Äùsays ‚Äúhi!‚Äù https://t.co/uG5oEeK1BT,2021-06-24 16:06:07,jimcramer,Jim Cramer,True
96,"@jimcramer We LOVE Nvida and feel he's got the cutest ears! As for the breed ....all we can say he is a great example of a ""diversified"" species...inline with your wonderful advise to all on our investments!! L.O.L ü§£üòÇ",2021-06-24 16:06:01,jimcramer,Jim Cramer,True
97,"we have many entries into the contest of what Nvidia the Second, AKA Ragu, really is. so we are getting a 23 and me like kit to nail this down. meanwhile here he is with a leaf. i am not sure he knows what it is. He bit me last night . suboptimal https://t.co/w95ebHXBMg",2021-06-24 16:04:43,jimcramer,Jim Cramer,False
98,Box Is Poised for an Important Breakout: @BruceKamich  https://t.co/EBmxjIauru,2021-06-24 15:38:05,jimcramer,Jim Cramer,False
99,"$BBBY, $APP and Market Rotations | @jimcramer breaks down the market from the NYSE! https://t.co/iSVoZdsGXE",2021-06-24 14:11:39,jimcramer,Jim Cramer,True
100,Throwback: ‚õ± Process to Find Your Stock Market Trading Edge (Advantage) üçÇ !! https://t.co/ogZPyM8LG1,2021-07-01 22:59:33,criticalcharts,Sasha Evdakov,False
101,This is great... ‚ö°Ô∏è Ep 134: Finding New Hot Stocks &amp; Q+A [Live Webinar] üåù ... https://t.co/sy8z4eOV8f,2021-06-30 17:06:33,criticalcharts,Sasha Evdakov,False
102,Have You Seen This? üí∏ Ep 102: Reviewing the Health of Stocks + Market üß≤ ! https://t.co/TmBnXNRvVm,2021-06-28 14:32:31,criticalcharts,Sasha Evdakov,False
103,WATCH This! ü•á Pattern Day-Trader Rule Stopping YOU? What Should I Do? ‚è± ! https://t.co/UCF3l4kqFs,2021-06-27 16:00:32,criticalcharts,Sasha Evdakov,False
104,Learn... üéØ Iron Condor vs Butterfly with Option Trading - Are They Useful? Ep 37  Watch -&gt; https://t.co/0UjBHEOll7,2021-06-26 20:13:31,criticalcharts,Sasha Evdakov,False
105,WATCH This! üëçüèª How to Manage Butterflies w/ Option Trading? #HungryForReturns 6 Visit .. https://t.co/bNKo6dBc5K,2021-06-25 13:53:31,criticalcharts,Sasha Evdakov,False
106,Buy to Open and Buy to Close Options Terminology EXPLAINED! ‚ö°Ô∏è &gt;&gt;&gt; https://t.co/Sgj2KmdJez https://t.co/6NGFIVlI6l,2021-06-25 05:47:03,criticalcharts,Sasha Evdakov,False
107,Seen this video? üåû Hedging Your Portfolio - Don't You Lose Money with Protection? #HungryForReturns 33 ‚è∞ :) https://t.co/GPQxZzf6cy,2021-06-24 16:31:31,criticalcharts,Sasha Evdakov,False
108,"Seen This? üìå Ep 100: Simplifying Trading Indicators (ADX, MACD, Bollinger Bands, RSI) üìå --&gt; https://t.co/qHJ92x0RTK",2021-06-23 11:30:20,criticalcharts,Sasha Evdakov,False
109,ü•á Some ideas... Ep 131: Gambling vs Stock Trading / Investing (Similarities / Differences) Must See --&gt; https://t.co/DGrdYszXTK,2021-06-22 19:22:44,criticalcharts,Sasha Evdakov,False
110,üí∏ Awesome! Ep 79: Strategy to Find Strong Stocks in a Down (Bearish) Market Day ü•Ω .. https://t.co/PGNJTqHHcL,2021-06-21 12:17:47,criticalcharts,Sasha Evdakov,False
111,üì£ Amazing! Ep 91: Evaluating Macroeconomic Conditions - Bulls vs Bears Must Watch --&gt; https://t.co/PVHO9ieaFu,2021-06-20 18:34:47,criticalcharts,Sasha Evdakov,False
112,WATCH This! üëçüèª Next Week - Options Butterflies Course - Learn to Trade the Butterfly Spread Visit .. https://t.co/fLl3YZp8ER https://t.co/obKlR42w9b,2021-06-20 00:58:04,criticalcharts,Sasha Evdakov,False
113,"Quick Tip: ‚òÄÔ∏è Ep 185: North Korea, FED Minutes, Dodd-Frank &amp; Stock Charts üìù :) https://t.co/agjRvfEYKq",2021-06-20 00:37:47,criticalcharts,Sasha Evdakov,False
114,üìå Like This? Option Trading Strategy: Setup a Butterfly Spread üåÑ ! https://t.co/0YEC4TLZNR,2021-06-18 14:00:48,criticalcharts,Sasha Evdakov,False
115,OHH YEAH... Ep 157: Stock Trading Coaching w/ Kirsten | Chat w/ Traders Start Now ! https://t.co/GCdMUOjCmU,2021-06-17 22:22:47,criticalcharts,Sasha Evdakov,False
116,WATCH This! üí∏ OMG... It's HUGE! - Mindsets of a Master Stock Trader Book üëç &gt;&gt; https://t.co/DdduMUEyQ2,2021-06-17 00:31:47,criticalcharts,Sasha Evdakov,False
117,ü•á OHH YEAH... Making Monthly Income from Selling Covered Calls (Options) ‚≠êÔ∏è :) https://t.co/cTbK76kgEZ,2021-06-16 22:39:47,criticalcharts,Sasha Evdakov,False
118,üî• Learn... What Makes a Great Trader: 3 Parts + The Inner Game and Outer Game ‚õè -&gt;&gt; https://t.co/xkS7yydguL,2021-06-15 18:17:47,criticalcharts,Sasha Evdakov,False
119,üì£ Amazing! Why Do Stocks Sell-Off Even if an Earnings Report is Great? Must Watch --&gt; https://t.co/B6jXfJ2YKM,2021-06-14 11:58:28,criticalcharts,Sasha Evdakov,False
120,‚úîÔ∏è Tips... Getting a Grip on Option Greeks: Directional and Non-Directional Greeks #HungryForReturns 23 üê£  .. https://t.co/PIWgg9sO4F,2021-06-14 00:44:28,criticalcharts,Sasha Evdakov,False
121,üé± Like This? Ep 83: Option Trading - Theta Decay &amp; How it Works! üåÑ &gt;&gt; https://t.co/vn88jcEIAM,2021-06-12 12:02:28,criticalcharts,Sasha Evdakov,False
122,Some ideas... üî• Ep 187: 4 Key Points to Spotting When a Stock is Coming Into Resistance ‚ö°Ô∏è -&gt; https://t.co/69wI0iOtGa,2021-06-11 23:13:28,criticalcharts,Sasha Evdakov,False
123,A few tips... üí∞ Why the News Exists &amp; Why You Should NOT Make Financial Decisions Based Solely on News üåà &gt; https://t.co/s49ztm6sPu,2021-06-11 11:20:28,criticalcharts,Sasha Evdakov,False
124,WATCH This! üëçüèª Ep 98: Reading the Stock Market Road Conditions Visit .. https://t.co/6NS8C8iYIu,2021-06-10 23:49:28,criticalcharts,Sasha Evdakov,False
125,Reminder: Option Trading Butterfly Idea to Short the Market for Less Than $100 Ep 243 üß° --&gt; https://t.co/A3Ztfuq0FA,2021-06-09 11:27:28,criticalcharts,Sasha Evdakov,False
126,Amazing! üëâ TRADING OPTIONS? Probability of In the Money EXPLAINED üéô  !!! https://t.co/03Xq2wmlRA,2021-06-08 17:51:28,criticalcharts,Sasha Evdakov,False
127,‚≠êÔ∏è WATCH This! Option Adjustments vs No-Touch Strategies for Options Ep 240 See It !!! https://t.co/PRkOkpuFVe,2021-06-08 12:18:28,criticalcharts,Sasha Evdakov,False
128,Check it out... üåû How to Simplify Your Trading Screen and Trade Peacefully üåü ! https://t.co/QRCAnr8Tns,2021-06-08 12:05:28,criticalcharts,Sasha Evdakov,False
129,üì£ Amazing! My Stock Dropped Over -20% - What Should I Do? #HungryForReturns 1 Must Watch --&gt; https://t.co/D8PCy8wbL8,2021-06-07 13:05:28,criticalcharts,Sasha Evdakov,False
130,Awesome! üëç New Live Class: Trading Options for Monthly Income üëÄ -&gt; https://t.co/IkhPpybyg5,2021-06-07 01:34:28,criticalcharts,Sasha Evdakov,False
131,Throwback: ‚õ± How to Calculate Stock Volume Strength in the Middle of the Day üçÇ !! https://t.co/5Yh7vSnvbo,2021-06-05 18:39:45,criticalcharts,Sasha Evdakov,False
132,Check it out... üçÇ Stock Trading Advice for Teenagers üç∞ -&gt; https://t.co/c5wprrL52U,2021-06-05 15:53:45,criticalcharts,Sasha Evdakov,False
133,Save an Extra $50 on Our Options Butterfly Spreads Course See It .. https://t.co/PwysRGMjEN https://t.co/xFl1v6gHmY,2021-06-05 03:21:04,criticalcharts,Sasha Evdakov,False
134,OHH YEAH... üß≤ How to Build a Penny Stock Trading Watchlist to Trade Visit &gt;&gt;&gt; https://t.co/cd5BMRLBTZ,2021-06-05 01:30:45,criticalcharts,Sasha Evdakov,False
135,üëâ Blast from the Past... Ep 124: Trading Weekly Option Tips: (Earning 9%) Go Now ... https://t.co/WcPvudPAwr,2021-06-03 12:48:45,criticalcharts,Sasha Evdakov,False
136,üëâ What Do You Think? When a stock is trading in a channel... is it better to wait until the channel breaks or play it off the bounce of support and resistance? Watch &gt;&gt; https://t.co/91hOVWioor,2021-06-03 12:00:46,criticalcharts,Sasha Evdakov,False
137,Have You Seen This? üí∏ Behind the Scenes: Options Mastery ‚Äì Iron Condors Course üß≤ ! https://t.co/n55zEgYIZo,2021-06-02 13:52:45,criticalcharts,Sasha Evdakov,False
138,ü•á OHH YEAH... Triple Bottom Stock Chart Pattern (Reversal): Technical Analysis Ep 210  ‚≠êÔ∏è :) https://t.co/C4Hi0sY3h7,2021-06-01 19:35:59,criticalcharts,Sasha Evdakov,False
139,Don't Miss This: ‚≠êÔ∏è New Course - Passive Dividend Investment Launched! üíº --&gt; https://t.co/QvfSNPAq1h,2021-05-31 13:48:38,criticalcharts,Sasha Evdakov,False
140,üëâ What Do You Think? Ep 128: Technical Analysis - Comparing Volume &amp; Looking at Strength Watch &gt;&gt; https://t.co/rccJQSPQKN,2021-05-30 17:54:33,criticalcharts,Sasha Evdakov,False
141,Awesome! Ep 75: Trading Options: The Real Way Money is Made from Options Must See ! https://t.co/R1X8iIrAR1,2021-05-30 15:20:33,criticalcharts,Sasha Evdakov,False
142,üî• Amazing! 6 Lessons a Stock Trader Can Learn from Tennis! Ep 234 üéÅ --&gt; https://t.co/ycGJsU5abW,2021-05-29 17:04:33,criticalcharts,Sasha Evdakov,False
143,"Seen this video? Earnings Beat Estimates, But Stock Still Dropped 20%! #HungryForReturns 12 üèÜ -&gt; https://t.co/djFlD3sg9E",2021-05-29 15:04:33,criticalcharts,Sasha Evdakov,False
144,Quick Tip: ‚úîÔ∏è Why You Are Selling Your Stocks Too Quickly! Must Watch !! https://t.co/QGEbSxC2K9,2021-05-28 11:54:33,criticalcharts,Sasha Evdakov,False
145,‚ôü What Do You Think? How Much Effort &amp; Energy are You Willing to Put into the Stock Market? üèù &gt;&gt;&gt; https://t.co/mGRh8VMcbi,2021-05-27 12:59:33,criticalcharts,Sasha Evdakov,False
146,üí∞ Awesome! 5 Dumb Reasons to Buy or Invest in a Stock Ep 236 ‚åõÔ∏è &gt; https://t.co/coNtpTzZtH,2021-05-27 12:22:34,criticalcharts,Sasha Evdakov,False
147,Seen this video? üí∏ Top 7 Lessons to Learn from Individual Stocks in 2015 Jump -&gt;&gt; https://t.co/pLnteYSuyx,2021-05-26 11:51:33,criticalcharts,Sasha Evdakov,False
148,üëâ Blast from the Past... Selling Naked Puts or Selling Option Premium ‚Äì When to Take the Stock? #HungryForReturns 24 Go Now ... https://t.co/amVd0UVOyo,2021-05-25 21:50:33,criticalcharts,Sasha Evdakov,False
149,üëÅ Throwback: How to BUY a PUT Option - [Option Trading Basics] ‚åõÔ∏è ... https://t.co/cvR6QGl3wG,2021-05-25 20:25:34,criticalcharts,Sasha Evdakov,False
150,Introducing... Ep 162: Options Basics - Calls vs Puts: What's the Difference? üåù .. https://t.co/R65l9NqIwA,2021-05-24 16:56:58,criticalcharts,Sasha Evdakov,False
151,Options Strategy Difference Between Buying a PUT and Selling a Call üëÄ .. https://t.co/Mk5tMH7EIW https://t.co/1bpFEQSeuo,2021-05-24 15:45:05,criticalcharts,Sasha Evdakov,False
152,Quick Tip: ‚úîÔ∏è How to Buy a Call Option and How it Makes You Money without Owning Stock Must Watch !! https://t.co/87d0agyXbL https://t.co/2quAtEFKuf,2021-05-24 12:15:13,criticalcharts,Sasha Evdakov,False
153,Check it out... üçÇ Pennant Stock Chart Pattern (Continuation) &amp; How to Trade it: Technical Analysis Ep 218 üç∞ -&gt; https://t.co/7TIhyPCRiU,2021-05-23 17:17:58,criticalcharts,Sasha Evdakov,False
154,This is great... üí• Coronavirus Stock Market Impact with Swing Trading Ideas (Preview) üåÑ ! https://t.co/6jVt8JlElT,2021-05-23 11:55:58,criticalcharts,Sasha Evdakov,False
155,A few tips... üìå Options Diagonals New Videos RELEASED! Watch -&gt; https://t.co/Akjikt6aWG,2021-05-22 19:55:51,criticalcharts,Sasha Evdakov,False
156,Learn now: üì£ Buying a Call vs Selling a Put: Trading Options Ep 55 üç∫ &gt; https://t.co/ZYOyOrOPtr,2021-05-22 01:54:07,criticalcharts,Sasha Evdakov,False
157,What Do You Think? Ep 172: Building a Portfolio for Active Traders  ü•á &gt; https://t.co/mflsajCOtO,2021-05-21 18:03:45,criticalcharts,Sasha Evdakov,False
158,‚ö°Ô∏è Tips... Profit Potential Trading Option Calendars on Stocks Ep 215 üåü -&gt;&gt; https://t.co/zo0r1vNWSf,2021-05-20 15:36:53,criticalcharts,Sasha Evdakov,False
159,This is great... üåû Extreme Motivation - How to Be Motivated with Trading Ep 252 üìç .. https://t.co/93tFskEboM,2021-05-19 21:46:53,criticalcharts,Sasha Evdakov,False
160,"An Idea... ‚ö°Ô∏è Ep 117: Building a Portfolio Through Accumulation w/ $20,000 Account üèÜ -&gt; https://t.co/DmxNzYfCuj",2021-05-19 11:59:53,criticalcharts,Sasha Evdakov,False
161,"üåû Some insight... Ep 81: Intraday Action, Day Trading, Social Media, Emotional Trading, &amp; More Go &gt; https://t.co/kKDdABactN",2021-05-19 01:44:53,criticalcharts,Sasha Evdakov,False
162,Awesome! üí∞ Ep 130: Understanding Profit (Risk Profile) Pictures for Stocks &amp; Options Must Watch ... https://t.co/QKoYojNHtT,2021-05-18 11:45:08,criticalcharts,Sasha Evdakov,False
163,Learn now: Advantages of Trading Option Calendars Over Iron Condors Ep 211 üíª -&gt;&gt; https://t.co/alqxF11RjP,2021-05-17 19:49:08,criticalcharts,Sasha Evdakov,False
164,"Learn... ü•á Ep 122: My Trading Day, Scanning Stocks, &amp; Computer Q+A (Live Class) üé¨ :) https://t.co/TkTiLIeaqc",2021-05-17 14:18:08,criticalcharts,Sasha Evdakov,False
165,Seen this video? üí∏ How Long Does it Take to Make a Million Dollars ($1M) in the Stock Market? Ep 239 Jump -&gt;&gt; https://t.co/GE6PY1GpRI,2021-05-16 23:16:30,criticalcharts,Sasha Evdakov,False
166,Amazing! Ep 86: 2 Variations to Getting Results in the Stock Market üß∏ &gt;&gt;&gt; https://t.co/4pfp3yhda6,2021-05-16 13:10:30,criticalcharts,Sasha Evdakov,False
167,Did You Like This? üí• Introduction to Reading Stock Charts for Beginners Start Now !!! https://t.co/7qBDbe3oNG,2021-05-15 11:31:30,criticalcharts,Sasha Evdakov,False
168,Learn... üî• Does the stock broker commission fee of $4.95 cover both BUY and SELL or would it be twice the amount of $9.90? Start -&gt;&gt; https://t.co/kZAwkcz3v7,2021-05-14 18:18:30,criticalcharts,Sasha Evdakov,False
169,Quick Tip: üí∞ What's the purpose of hedging a stock or your portfolio? üß° -&gt;&gt; https://t.co/k4L6viuqyv,2021-05-14 14:51:34,criticalcharts,Sasha Evdakov,False
170,Some insight... üì£ Last Day to Get Our Stock Market Course &amp; Learn the Basics! Go Now -&gt;&gt; https://t.co/4T9QTrH723,2021-05-13 13:16:06,criticalcharts,Sasha Evdakov,False
171,Learn... ü•á Ep 132: Learn to Trade Stocks Consistent + Profitably FAST! üé¨ :) https://t.co/3ABJizHz9Z,2021-05-12 19:29:46,criticalcharts,Sasha Evdakov,False
172,Don't Miss This: ‚≠êÔ∏è RETIREMENT STRATEGY: Why Trading Diagonals with Options is Great! ü•Ω ... https://t.co/JQvKTEnGND,2021-05-12 19:17:46,criticalcharts,Sasha Evdakov,False
173,Some ideas... ‚õ± Ep 163: Vlog on Trading Losses &amp; Hedging Your Trades üëì --&gt; https://t.co/j5jSGgo5W0,2021-05-11 22:37:55,criticalcharts,Sasha Evdakov,False
174,"üí∏ Awesome! Swing Charts Breaking Out Past Previous All-Time Highs! (Members Preview on AMZN, GDDY, PYPL) ü•Ω .. https://t.co/uYTVNKsLmk",2021-05-11 17:00:55,criticalcharts,Sasha Evdakov,False
175,OHH YEAH... üîî SQ (Square) Stock Investment Overview with Technical Analysis &amp; Options Ideas Start !! https://t.co/dc5bSfEKwY,2021-05-10 16:52:36,criticalcharts,Sasha Evdakov,False
176,"üéØ Some insight... Ep 184: Market History in the 60's, Inflation, Bonds, &amp; Stock Charts üï∂ ! https://t.co/rjsZ3r4RGz",2021-05-09 19:42:14,criticalcharts,Sasha Evdakov,False
177,Awesome! üëç How Long Does it Take to Become a Successful Stock Trader üëÄ -&gt; https://t.co/DoBjG9UTmM,2021-05-09 19:37:14,criticalcharts,Sasha Evdakov,False
178,This is great... 3 Different Ways to Set Up a Bullish Vertical Call Spread üì∑ &gt;&gt;&gt; https://t.co/AdeqhYLEuR,2021-05-09 16:26:14,criticalcharts,Sasha Evdakov,False
179,üî• Learn... 7 Creative Option Calendar Trades &amp; Setups for Trading Stocks Ep 213 Visit ... https://t.co/VjLzIR2tM4,2021-05-08 22:04:44,criticalcharts,Sasha Evdakov,False
180,"üî• Learn... Ep 168: New Course [Surprise], Trading 24/7, US Dollar, + Stock Chart Review ‚õè -&gt;&gt; https://t.co/jipNbEGZj9",2021-05-08 16:01:44,criticalcharts,Sasha Evdakov,False
181,A few tips... üî• Why Are People Attracted to the Stock Market? üåà !!! https://t.co/HlNsQjyQKC,2021-05-08 02:31:44,criticalcharts,Sasha Evdakov,False
182,Tips... üëÅ Why Are We More Emotional with a Loss Than a Win in the Stock Market üéØ &gt;&gt;&gt; https://t.co/1rsQzPfiEC,2021-05-07 00:06:44,criticalcharts,Sasha Evdakov,False
183,Blast from the Past... ‚õ± New Course for the Beginner Trader or Investor: Stock Market Basics üì∑ ! https://t.co/kAfh7aA6p1,2021-05-06 10:57:44,criticalcharts,Sasha Evdakov,False
184,What Do You Think? üëâ TRADING OPTIONS? Probability of In the Money EXPLAINED üì∫ ... https://t.co/03Xq2wmlRA,2021-05-05 22:36:44,criticalcharts,Sasha Evdakov,False
185,Trading in a Whippy Market with Verticals and Diagonals https://t.co/0BWWWDbeKG https://t.co/C80MX1IpqZ,2021-05-05 18:04:12,criticalcharts,Sasha Evdakov,False
186,Learn now: üì£ How Do I Close Part of My Options Swing Position on Thinkorswim? #HungryForReturns 20 üç∫ &gt; https://t.co/iDYUkclZ5I,2021-05-05 17:14:44,criticalcharts,Sasha Evdakov,False
187,"Quick Tip: ‚ö°Ô∏è Ep 173: Trade Wars, Trump Tariffs, Spotify IPO, &amp; Charts ü•á &gt; https://t.co/GXrt7KJfCS",2021-05-05 01:10:44,criticalcharts,Sasha Evdakov,False
188,Throwback: ‚õ± Investing in Real Estate vs. The Stock Market üçÇ !! https://t.co/SGhecrKfGc,2021-05-05 00:22:44,criticalcharts,Sasha Evdakov,False
189,[New Charts] üéâ 18 Hot Stock Charts Broken Down Using Technical Analysis &amp;#8211; Looking at Support &amp;#038; Resistance! https://t.co/Z9QrizjCy0,2021-05-04 15:23:28,criticalcharts,Sasha Evdakov,False
190,Reviewing New Charts for May After a Big Week After Earnings https://t.co/WQy5LdMSgE,2021-05-04 15:23:24,criticalcharts,Sasha Evdakov,False
191,"üëçüèª Awesome! Ep 82: Day Trading Stocks When to Trade, When to Sit ‚òÄÔ∏è &gt;&gt;&gt; https://t.co/eYox4KfUAp",2021-05-04 00:38:45,criticalcharts,Sasha Evdakov,False
192,"Did You Like This? üî• Learn to Swing Trade - Technical Analysis on FB, MCD, SHOP Stocks (Members Preview) Click Here :) https://t.co/CjHwHy5KId",2021-05-03 14:56:29,criticalcharts,Sasha Evdakov,False
193,Don't Miss This: Ep 108 : Trading Stocks vs Options (Which is Better)? üëì -&gt; https://t.co/5zc21nVm8p,2021-05-02 14:00:05,criticalcharts,Sasha Evdakov,False
194,ü•á Seen this video? What is the One Thing Stopping You from Trading Success? üì∫ ... https://t.co/59AwfGONzs,2021-05-01 16:49:04,criticalcharts,Sasha Evdakov,False
195,‚ôü What Do You Think? Top 2 Technical Analysis Indicators // MIND BLOW Ep 225  üèù &gt;&gt;&gt; https://t.co/C76HCLKog0,2021-05-01 01:58:43,criticalcharts,Sasha Evdakov,False
196,Awesome! ‚õ± What is a Short Squeeze and How Can You Profit From It? Go ! https://t.co/c8MBrie3pY,2021-04-29 15:07:58,criticalcharts,Sasha Evdakov,False
197,‚ö°Ô∏è Tips... How Do You Know When a Stock Hit a Bottom? üåü -&gt;&gt; https://t.co/xXsB5RIYhW,2021-04-29 08:04:58,criticalcharts,Sasha Evdakov,False
198,OHH YEAH... üî• How to Setup a Options Diagonal Trade Even When the VIX is HIGH üèù ... https://t.co/oaDwjaINOw,2021-04-28 22:14:58,criticalcharts,Sasha Evdakov,False
199,Throwback: 10 Bagger Rule - Stock Market Terms Explained üçÇ -&gt; https://t.co/QrZZlY1Dxi,2021-04-28 09:12:58,criticalcharts,Sasha Evdakov,False
200,"Hey Folks!

Here‚Äôs my take on the latest in the market, what to prepare violently for, and some updates on plays.

https://t.co/pFswddWifX",2021-07-01 01:34:38,zipcharlie,Charlie,False
201,"Hey Folks!

Here‚Äôs my take on some of the hottest plays and newest add money to plays right now.

https://t.co/kWWMKJ1sNa",2021-06-30 01:31:33,zipcharlie,Charlie,False
202,"Hey Folks!

Here‚Äôs my take on a certain sector of the market that detonated today and what to know about it.

https://t.co/GqPeS1l9QN",2021-06-29 01:40:52,zipcharlie,Charlie,False
203,"Hey Folks!

Here‚Äôs my take on the top 3 stocks for this week, as well as some violent updates on the $amc situation.

https://t.co/sqEZnmfb8y",2021-06-28 01:11:31,zipcharlie,Charlie,False
204,What are your top 3 stocks for this week folks? We'll make sure to review the most popular one in tonight's video.,2021-06-27 17:58:00,zipcharlie,Charlie,False
205,"Hey Folks!

Here‚Äôs my take on some quiet future opportunities that folks may be overlooking.

https://t.co/KdLj5EMmjb",2021-06-25 01:39:25,zipcharlie,Charlie,False
206,Ooga booga ape! #amc,2021-06-24 03:47:09,zipcharlie,Charlie,False
207,"Hey Folks!

I wanted to take some time to violently breakdown the situation that $amc short hedge funds are in and what the way out of it is for them. 

https://t.co/1R2pzx9SLw",2021-06-23 22:57:52,zipcharlie,Charlie,False
208,@OwnTheChaos I appreciate the kind words my friend!,2021-06-23 02:28:49,zipcharlie,Charlie,False
209,"Hey Folks!

Here‚Äôs my take on our favorite and latest plays.

https://t.co/xbbMWVIkUn",2021-06-23 00:59:33,zipcharlie,Charlie,False
210,"Hey Folks!

Here‚Äôs my take on the day, and a breakdown of a much requested theory spreading around on $amc having to do with failures to deliver.

https://t.co/gznlksLEBC",2021-06-22 02:08:19,zipcharlie,Charlie,False
211,"Hey Folks!

Here are our top 3 stocks for this week and some things to look out for as we approach this week.

https://t.co/Hw8qsg8cQ9",2021-06-21 02:14:46,zipcharlie,Charlie,False
212,"Hey Folks!

Here is my take on the growth sector, some growth play breakdowns and updates, and an end of video breakdown of the latest on $amc. We‚Äôve wanted to make sure to spend more time talking about a diversity of plays in addition to AMC.

https://t.co/UNUhz3bZOB",2021-06-18 01:08:33,zipcharlie,Charlie,False
213,"Hey Folks!

Here's my latest take on $amc and the new data we have.

https://t.co/nozXlqoSfb",2021-06-17 00:18:22,zipcharlie,Charlie,False
214,"Hey Folks!

Here‚Äôs my take on some plays, the $DKNG problem, the catalyst tomorrow, and the latest on $AMC.

https://t.co/rAIOlpxE7m",2021-06-16 00:48:37,zipcharlie,Charlie,False
215,"Hey Folks!

Here is my take on what is going on with $AMC and some imminent data that I want to bring to your attention.

https://t.co/BLj0vBFWJm",2021-06-15 02:11:00,zipcharlie,Charlie,False
216,"Hey Folks,

I wanted to come forward with something that I see very few people paying attention to and something you‚Äôll want to know about before this week.

https://t.co/Sck5end8hG

Hope you had a great weekend.",2021-06-14 01:17:30,zipcharlie,Charlie,False
217,"Hey Folks!

Wanted to take some time over the weekend to discuss what short laddering is, our predictions on gamma squeezing for $amc and what it is, and things to know before Monday. 

Hope you are having a great weekend!

https://t.co/ob2RDFClUQ

Best,
Charlie",2021-06-12 21:26:15,zipcharlie,Charlie,False
218,"Hey Folks!

Here‚Äôs my take on the latest of the $AMC saga, what was revealed today about the SEC &amp; naked shorts, and some things to know about the CPI index report. 

https://t.co/hIpxsjpXpi

Best,
Charlie",2021-06-11 01:11:34,zipcharlie,Charlie,False
219,Which stock would you feel most confident parking money in for the next 3 months? (survey purposes),2021-06-10 15:29:45,zipcharlie,Charlie,False
220,nice work! https://t.co/gMOEyBd2jQ,2021-06-10 15:27:14,zipcharlie,Charlie,False
221,"We presented the DD on $CLOV and called it a buy in the 11s and the 6-7s publicly on the channel back after hedge funds completely short and distorted most of retail plays in March. If we stayed out of plays that had big money in them, we wouldn't have any plays left! https://t.co/BAhIMhqgZz",2021-06-10 15:12:03,zipcharlie,Charlie,False
222,"Hey Folks!
Here is my take on today‚Äôs trading on major plays, the $AMC situation, and a catalyst to be aware of for tomorrow.

https://t.co/WbwiyJbFsj",2021-06-10 01:26:21,zipcharlie,Charlie,False
223,"Hey Folks!

Here‚Äôs my take on the $CLOV explosion today, the latest on $AMC, some briefing plays, and lastly why Cathie Wood @ARKInvest is arguing that we are heading back into a growth rotation.

Never forget to ravish!

https://t.co/L61cSlvM4L

Best,
Charlie",2021-06-09 01:55:28,zipcharlie,Charlie,False
224,"Hey Folks!

Here is my take on the latest plays and $AMC situation. 
 
https://t.co/IcWj20k2k0",2021-06-08 01:29:48,zipcharlie,Charlie,False
225,"$AMC hodlers - what is your take on the price you'd be willing to sell AMC at, or is your plan to buy and hold regardless of how high it goes? (e.g. $100, $500, $1000, +). 

(survey purposes - rephrased the previous question for clarification)",2021-06-07 19:31:43,zipcharlie,Charlie,False
226,"No no, Clover was hit was a short seller report with baseless allegations before the rest of the inflation trade hurt growth stocks. It's had about five inorganic rallies because short sellers got too greedy and it backfired. Short sellers are fine when doing it ethically. https://t.co/WrAi7aggiN",2021-06-07 19:18:50,zipcharlie,Charlie,False
227,@Nik43786594 the short and distorters are really having a tough time these days keeping companies down,2021-06-07 19:09:53,zipcharlie,Charlie,False
228,$CLOV was one of the most effective short seller campaigns I've ever seen. (emphasis on the *WAS*),2021-06-07 19:08:47,zipcharlie,Charlie,False
229,"Hey Folks,

Here‚Äôs my take on the latest on the $AMC squeeze, as well as some plays to watch out for this week.

https://t.co/Pwg69srYTe",2021-06-07 02:06:46,zipcharlie,Charlie,False
230,"For $AMC hodlers, what is your take on how many synthetic/fake shares are out there on AMC? [in addition to the 500million or so real shares outstanding]",2021-06-06 19:34:19,zipcharlie,Charlie,False
231,"Hey Folks,

Here is an important event that is coming up tomorrow, my take on $AMC today, and some updates on other plays.

https://t.co/bEqJTM1Hc9",2021-06-04 01:38:52,zipcharlie,Charlie,False
232,Here's my take on $amc and why the fact that shorts haven't squeezed indicates that we haven't gotten the short squeeze yet. https://t.co/5FP0vrtgHu,2021-06-03 02:05:13,zipcharlie,Charlie,False
233,5x https://t.co/SOjVg4xSPL,2021-06-02 19:11:31,zipcharlie,Charlie,False
234,"@OwnTheChaos certainly true, but the movement is really against unfair practices on the side of short sellers",2021-06-02 16:16:08,zipcharlie,Charlie,False
235,"Media is quiet when hedge funds rally stocks to irrational highs just to then reverse the trend and short it to irrational lows two weeks later. But when retail traders do the same thing media says, ""you dumb money! look at the fundamentals! some expert says your WRONG!"" #AMC",2021-06-02 15:49:12,zipcharlie,Charlie,False
236,"Hey Folks,

Here‚Äôs my take on what is going on today with $AMC as well as other plays to recap. 

https://t.co/8M27MilND0",2021-06-02 02:07:56,zipcharlie,Charlie,False
237,"Hey Folks! Here's my take on the $amc #AMC500k movement and the math and details behind it.

https://t.co/UIEXTUQDuH",2021-05-31 23:12:40,zipcharlie,Charlie,False
238,"Be aware of fake ""charlie"" ""ziptrader"" or other folks in the niche on fake profiles messaging you. You wouldn't believe the number of reports we see of folks falling into these scams. It's sad, imagine if they put the time they spend trying to scam people into something positive.",2021-05-30 18:43:21,zipcharlie,Charlie,False
239,"Hey Folks,

Here is my take on the $AMC situation as well as some updates on other plays.

https://t.co/H8oGgZXuWM",2021-05-28 01:13:28,zipcharlie,Charlie,False
240,"@elonmusk should Tesla start transacting in $AMC shares? Low energy use, high liquidity, democratized concentration, great movies, and to the moon potential... It sounds like a great way to accelerate decentralization &amp; at the same be energy efficient!",2021-05-27 17:35:54,zipcharlie,Charlie,False
241,Have you no heart? someone needs to call and check in on the hedge funds after another day of this $AMC rally!,2021-05-27 17:19:07,zipcharlie,Charlie,False
242,"Hey Folks,

Here‚Äôs my take on the overall market, a big question for all of you who are holding or thinking of buying new long term conviction plays, as well as an update on the $AMC situation.

https://t.co/N3tBmjL4Bp

Best,
Charlie",2021-05-27 01:58:43,zipcharlie,Charlie,False
243,Is it time to start a gofundme for the short sellers of $AMC and $GME?,2021-05-26 19:05:00,zipcharlie,Charlie,False
244,"Hey Folks,

Here‚Äôs my take on the $AMC situation, what is going to happen, and some thoughts on the learning lessons we can take away.

https://t.co/THWE4nVj8S",2021-05-26 01:28:47,zipcharlie,Charlie,False
245,$AMC anyone?,2021-05-25 20:03:37,zipcharlie,Charlie,False
246,"Hey Folks,

Here‚Äôs my take what is happening this week, and some opinions on AMC and Bitcoin. 

https://t.co/2ZUuJAtXIC",2021-05-25 01:48:19,zipcharlie,Charlie,False
247,"Hey Folks,

Here are our biggest stocks for this week, some updates, and otherwise preparation for market open tomorrow.

https://t.co/9iRykQp9yX

Best,
Charlie",2021-05-23 23:43:19,zipcharlie,Charlie,False
248,"Hey Folks,

Just wanted to finish off the week with a stock that I consider a strong ""sell soon"" and some updates on other plays, as well some answers on plays that folks have asked about in the comment section. Have a great weekend!

https://t.co/Mqio5GAUGM",2021-05-22 00:21:13,zipcharlie,Charlie,False
249,"Hey Folks,

Here‚Äôs my take on PLTR and an overview of what we are looking at with it.

https://t.co/lMfp7SeG03",2021-05-21 00:50:28,zipcharlie,Charlie,False
250,Folks! what stock in your opinion has been most unduly beatdown as a result of the tech and innovative crunch?,2021-05-20 19:26:23,zipcharlie,Charlie,False
251,@_DiamondHands @MrprezTrades @Hugh_Henne @DipDeity @HumbledTrader18 I appreciate the recommendation!,2021-05-20 19:23:03,zipcharlie,Charlie,False
252,"Hey Folks!

Here‚Äôs my take on the #Bitcoin  crash and what the underlying data shows about how bad this is going to get.

https://t.co/HDSFMOHIZc",2021-05-20 01:10:36,zipcharlie,Charlie,False
253,And it breaks 40!,2021-05-19 04:41:00,zipcharlie,Charlie,False
254,"Hey Folks,

Here‚Äôs my take on the $AMC battle, some updates on plays, and broader market outlooks.

https://t.co/fGmWxawMzX",2021-05-19 01:31:45,zipcharlie,Charlie,False
255,"Hey Folks,

Here‚Äôs my take on this market, updates from today, and something to be aware of.

https://t.co/ztt1ZsOHw6",2021-05-18 01:31:11,zipcharlie,Charlie,False
256,"hey folks, here is my take on the top 3 stocks and market approaching this week https://t.co/uHJjPlKxhD",2021-05-16 23:43:09,zipcharlie,Charlie,False
257,"Hey Folks,

Here is my take on the end of the week and what to know.

https://t.co/iUXQkXpIkQ

Have a great weekend,
Charlie",2021-05-14 23:31:41,zipcharlie,Charlie,False
258,The retail trading community has been pummeled over the last couple of months and their power have been spread really thin trying to squeeze so many different tickers. We don't see that same level of focused concentration like we did earlier this year. But maybe! https://t.co/DTZyem1c65,2021-05-14 00:39:43,zipcharlie,Charlie,False
259,"could be setting the stage for a nice short squeeze, but unlikely to maintain an uptrend until we get past the interest rate scares! https://t.co/4zwUvUk3rK",2021-05-14 00:36:16,zipcharlie,Charlie,False
260,I do but with bitcoin valuations still relatively high - and mara and riot being far down already due to interest rate scares - it will require some really tight seatbelts! https://t.co/fCvJAiu1FX,2021-05-14 00:34:42,zipcharlie,Charlie,False
261,Here is my latest update on the crypto market https://t.co/tB7deyLOmM,2021-05-14 00:32:56,zipcharlie,Charlie,False
262,100% https://t.co/XkHvaJrbbh,2021-05-14 00:32:21,zipcharlie,Charlie,False
263,"I'm bullish over the long run, but we have a lot of FUD right now with environmental concerns and otherwise regulatory issues. That combined with the fact that crypto hasn't seen much effect of interest rate scares. https://t.co/6DOxAn3XJd",2021-05-14 00:32:07,zipcharlie,Charlie,False
264,"If the NASDAQ implodes -10%, I see tesla in the 400s. If NASDAQ holds up - I don't see that happening https://t.co/OKmE7XZERF",2021-05-14 00:30:07,zipcharlie,Charlie,False
265,"@Naomi2Williams Hey criminals also use cash, cars, and a range of other otherwise legal items to conduct criminal activity.  Chainanalysis reseach says less than 1% of Bitcoin's transactions are criminal. We don't want to hurt the majority of law abiding transactions. Need better cyber security",2021-05-14 00:26:08,zipcharlie,Charlie,False
266,"You can‚Äôt pay foreign hackers ransom for hacking national infrastructure, huge national security issue and you are incentivizing more hackers to attack us. Also, adds to the current bitcoin FUD!  https://t.co/WLkEhE1lOB",2021-05-13 20:17:24,zipcharlie,Charlie,False
267,üçÜ https://t.co/3eyohY5JWP,2021-05-13 01:30:42,zipcharlie,Charlie,False
268,"Hey Folks!

Here is my take on what just happened today.

https://t.co/fH99jxCrpK

Best,
Charlie",2021-05-13 01:30:11,zipcharlie,Charlie,False
269,"Hey Folks,

Here is what just happened in the market today as well as an update on market condition.

https://t.co/NCVWcKTr23

Best,
Charlie",2021-05-12 00:52:24,zipcharlie,Charlie,False
270,"Hey folks,

Here are my thoughts on the crypto market, which ones have staying power, and which ones I don‚Äôt see value in.

https://t.co/8plGAMpqbv

Best,
Charlie",2021-05-11 01:39:21,zipcharlie,Charlie,False
271,"Hey Folks,

Here‚Äôs my top 3 stocks for this week as well as an update on some others.

https://t.co/3nxaJITd3g

Best,
Charlie",2021-05-10 02:12:13,zipcharlie,Charlie,False
272,"Folks,

Here‚Äôs my take on the jobs report surprise today and some thoughts on the market.

https://t.co/1YHhXRdD5J

Have a great weekend!
-Charlie",2021-05-07 21:41:47,zipcharlie,Charlie,False
273,"Hey Folks,

Here‚Äôs my take on today‚Äôs market, the latest on the growth sector, and some insight on how I look at this market.

https://t.co/q5hnDwywhG

Best,
Charlie",2021-05-07 00:35:27,zipcharlie,Charlie,False
274,"Hey Folks,

Here‚Äôs my take on Dogecoin, updates on the stock market, and more.

https://t.co/lsa1iTWIPp

Best,
Charlie",2021-05-06 01:03:34,zipcharlie,Charlie,False
275,"Hey Folks,

Here‚Äôs my take on today‚Äôs drop, catalyst play recaps, and other market updates.

https://t.co/QFb9z0G7u9

Best,
Charlie",2021-05-04 23:45:40,zipcharlie,Charlie,False
276,"Hey Folks,

Here‚Äôs the latest on the market. We cover a negative catalyst but also cover opportunities.

https://t.co/HGFWr9r8aW",2021-05-04 01:57:25,zipcharlie,Charlie,False
277,"Hey Folks,

Here are our top 3 stocks for this week and overview of the market before tomorrow!

https://t.co/NlG49EvJO4

Best,
Charlie",2021-05-02 23:50:02,zipcharlie,Charlie,False
278,"Hey folks,

Here‚Äôs my take on NIO after its earnings report and what the deal is moving forward.

 https://t.co/f5F5D8aov2

Best,
Charlie",2021-04-30 23:05:53,zipcharlie,Charlie,False
279,"Hey Folks,

Here‚Äôs my take on today‚Äôs market, the best plays, and some other updates and housekeeping.

https://t.co/RIVx7sp53h

Best,
Charlie",2021-04-30 01:10:21,zipcharlie,Charlie,False
280,"Hey folks!

Here‚Äôs my take on what the FED just did as well as an update on plays.

https://t.co/S2nGFz4XBi

Best,
Charlie",2021-04-29 02:31:19,zipcharlie,Charlie,False
281,"Hey Folks, 

Here‚Äôs my take on what is going to be happening tomorrow with the big Fed announcement as well as some updates on plays.

https://t.co/i6ADiJqjoq",2021-04-28 01:30:21,zipcharlie,Charlie,False
282,"Hey Folks, 

Here‚Äôs my take on the stock detonation we had today and what is going on with major plays.

https://t.co/L3rQbzdqPT

Best,
Charlie",2021-04-27 00:59:53,zipcharlie,Charlie,False
283,"Hey Folks,

Here‚Äôs our top 3 stocks and market overview heading into this week. 

https://t.co/mI1sKGxBHg

Best,
Charlie",2021-04-25 23:28:48,zipcharlie,Charlie,False
284,This is excellent! And happy birthday to him! https://t.co/NtD4jb2XKR,2021-04-25 04:16:17,zipcharlie,Charlie,False
285,"Hey Folks,

Here‚Äôs my take on the current market and the threat of capital gains increases.

https://t.co/OmfuwvfKha",2021-04-23 02:45:27,zipcharlie,Charlie,False
286,"Hey Folks,

Here‚Äôs my take on what happened today and what is boiling underneath the surface of the market.

https://t.co/DxIrRpdW8f

Best
Charlie",2021-04-22 01:48:04,zipcharlie,Charlie,False
287,"Hey Folks, 

In tonight‚Äôs video we do some recaps on today as well as talk about the overall market condition and answer questions as to when we expect a turn around. 

https://t.co/NWV1ISCCrZ

Best,
Charlie",2021-04-21 02:09:20,zipcharlie,Charlie,False
288,"Hey Folks,

Here‚Äôs an update on the market condition, our plays, and some news details that point to a reason that the market condition worsened today.

https://t.co/MA50cUAFUd

Best,
Charlie",2021-04-20 01:43:03,zipcharlie,Charlie,False
289,"Hey Folks,

Here is my take on the current top stocks for this week, how to prepare in the market condition, and some recaps.

https://t.co/n43S0KGrCj

Looking forward to spending another week with you!

-Charlie",2021-04-19 03:21:56,zipcharlie,Charlie,False
290,"Hey Folks 
Here is my take on today‚Äôs market, my outlook on dip buying right now, whether to diversify, and some recaps on plays. 

https://t.co/6DxlQ3BWJk

Best,
Charlie",2021-04-16 01:21:59,zipcharlie,Charlie,False
291,Make life multiplanetary! #Mars,2021-04-16 01:21:38,zipcharlie,Charlie,True
292,"Hey Folks,

I wanted to take some time to talk about the FUD market we are in, my experiences with these markets, and do some recaps on major plays.

https://t.co/dRzPC6BRrv

Best,
Charlie",2021-04-15 01:32:14,zipcharlie,Charlie,False
293,"Hey Folks,

Here is my take on what Cathie Wood just said about Bitcoin and a breakdown of why Ark has been such an advocate of the currency.  

https://t.co/HktRKx8rlm

Best,
Charlie",2021-04-14 01:08:32,zipcharlie,Charlie,False
294,"Hey Folks,

Here is my take on a new IPO coming this week, an update on plays &amp; market, and an answer to an important question asked by a commenter. 

https://t.co/ank5YZRZ4x

Best,
Charlie",2021-04-13 01:00:39,zipcharlie,Charlie,False
295,"Hey Folks,

Here is my breakdown on an upcoming catalyst for $PLTR, as well as a breakdown of our plays and today‚Äôs market. 

https://t.co/93DOZ3TVG2",2021-04-09 01:14:03,zipcharlie,Charlie,False
296,"Hey Folks,

Here are our latest add money to plays, latest take profit plays, as well as takeaways from the current market.

https://t.co/tdctiP9Gk6

Best,
Charlie",2021-04-06 00:56:01,zipcharlie,Charlie,False
297,"Hey Folks,

Hope you had a great weekend, here are our top 3 stocks for this week!

https://t.co/KPnq9dm9id",2021-04-05 01:58:13,zipcharlie,Charlie,False
298,"Hey Folks,

Here are our latest updates and two new ‚Äúadd money to plays‚Äù that are really intriguing opportunities.

https://t.co/IHUjnAsmNN

Best,
Charlie",2021-03-31 01:41:28,zipcharlie,Charlie,False
299,"Hey Folks!

Here‚Äôs my update on the market and what to know about the current condition. As always, we‚Äôll be here to keep you updated on the market during both rain and shine market conditions! 

https://t.co/GIfWI7iPQv

Best,
Charlie",2021-03-30 03:06:21,zipcharlie,Charlie,False
300,"Hey GM Parking Lot Goons, Teslas Are American https://t.co/HDe90kLVXS",2021-06-24 21:45:58,stockstobuy,Stocks to Buy,False
301,"Teslas are now ""Foreign"" https://t.co/CBHcuJYcCq",2021-06-24 21:43:39,stockstobuy,Stocks to Buy,True
302,Tesla $TSLA Model S Plaid Delivery Event https://t.co/Lnpo1UV8Dq via @YouTube,2021-06-11 10:41:50,stockstobuy,Stocks to Buy,False
303,7PM Pacific time - 10PM EST,2021-06-10 19:38:43,stockstobuy,Stocks to Buy,False
304,"Today - Tesla $TSLA will livestream the delivery of the first Model S Plaid at its U.S. factory in Fremont, California, at 4 p.m. ET",2021-06-10 11:05:17,stockstobuy,Stocks to Buy,False
305,Tesla $TSLA China Deliveries Surge 29% in May After April Slump https://t.co/Du99R52Bvs,2021-06-08 11:21:27,stockstobuy,Stocks to Buy,False
306,"We've already hit 600+ YouTube subscribers! More videos are coming your way soon, but in the meantime, you can see the Hypertruck in action 

here: https://t.co/I2w6D5AGpW 

Don't forget to hit that subscribe button to stay up to date!",2021-06-03 19:53:47,stockstobuy,Stocks to Buy,True
307,"Beyond Meat $BYND soars as Bank of America names it a new Reddit stock to watch üöÄüöÄüöÄ

https://t.co/p3dTxOnDTx",2021-05-28 10:44:37,stockstobuy,Stocks to Buy,False
308,"Hyliion has amazing technology and I do believe they will be successful with their HyperTruck ERX next year - https://t.co/mcF6msmm0L

At the very least, $50 price target in the next three years.",2021-05-27 20:24:37,stockstobuy,Stocks to Buy,False
309,"Nikola $NKLA has rallied 50% recently.  I'm taking profits and going all in on Hyliion $HYLN which has better technology and less risk.  $HYLN is now the second largest position in my portfolio, Tesla $TSLA being the largest.  Hyliion will eventually use Hydrogen if viable....",2021-05-27 20:21:14,stockstobuy,Stocks to Buy,False
310,"Took some profits in Amazon $AMZN, doubled my position in Hyliion $HYLN, took a big position in Lucid Motors $CCIV &gt; $LCID

I've been busy working on a large real estate project with my #Bitcoin and $GBTC funds.  Excited for 2022...",2021-05-18 15:12:33,stockstobuy,Stocks to Buy,False
311,BigCommerce $BIGC reported strong earnings last night.  The company is a takeover target and will hit $75 by July 2022.,2021-05-12 10:40:49,stockstobuy,Stocks to Buy,False
312,"100 people died in the United States today in car accidents. 

over 3,698 worldwide 

137,000 people were seriously injured 

This happens every day. Where is the outrage? 

Autopilot / FSD is an attempt to solve this once and for all. @elonmusk",2021-04-20 09:44:00,stockstobuy,Stocks to Buy,True
313,"@Amart15416132 @WSJ Your research as a private individual is better than professionals @WSJ! 

Data logs recovered so far show Autopilot was not enabled &amp; this car did not purchase FSD.

Moreover, standard Autopilot would require lane lines to turn on, which this street did not have.",2021-04-20 00:37:36,stockstobuy,Stocks to Buy,True
314,Completely out of $GBTC now from $4.25 two years ago....sold my remaining shares.  Thank You #Bitcoin!  It was a wild but fun ride!!  üöÄüöÄüöÄüöÄüé¢üé¢üé¢üé¢,2021-03-16 15:20:59,stockstobuy,Stocks to Buy,False
315,Hyliion $HYLN is also really good.....,2021-03-02 12:23:55,stockstobuy,Stocks to Buy,False
316,"Not too late, $DCRB will turn into Hyzon $HYZN in late May, early June - https://t.co/N36ZhMOPFo https://t.co/nEuGNNN9op",2021-03-02 12:19:09,stockstobuy,Stocks to Buy,False
317,I‚Äôve been taking some time away from the market after an incredible bull run.  The last six months have been a career record.  $GBTC #Bitcoin $TSLA have gone to the moon so now I‚Äôm in the process of buying 21 acres of land to build on in 2022.  Looking forward to the $DCRB IPO...,2021-03-01 22:37:10,stockstobuy,Stocks to Buy,False
318,BigCommerce $BIGC delivered the best earnings report as a public company so far.  Stock was upgraded with a $75 price target this morning.  This company will turn into a Shopify $SHOP someday.  You can get in on the ground floor right now.,2021-02-24 16:33:27,stockstobuy,Stocks to Buy,False
319,Bought  Decarbonization Plus Acquisition $DCRB today.  This SPAC will turn into Hyzon Motors in about 3 months.  I see major upside from $14-$15.,2021-02-22 17:18:13,stockstobuy,Stocks to Buy,False
320,"Tesla $TSLA bottomed at $70 on March 18th, the very next day.   Turned out just fine üöÄüöÄüöÄ

Was down 43%, now up 659% on Tesla https://t.co/rfrZbyvhCK",2021-02-16 00:03:15,stockstobuy,Stocks to Buy,False
321,"@rugged27 I own $NKLA at $16.37.... having said that, the top EV analyst who got Tesla $TSLA correct, raised his price target on $NKLA to $25.   Sell off you want, I will hold.",2021-02-15 19:30:34,stockstobuy,Stocks to Buy,False
322,Tesla $TSLA to set up electric car manufacturing unit in southern India  https://t.co/wn5tBzw8Aa,2021-02-15 19:22:06,stockstobuy,Stocks to Buy,False
323,The stock market is closed for President‚Äôs Day.  Dow Jones Futures up 160 points ahead of Tuesday‚Äôs open....,2021-02-15 11:00:50,stockstobuy,Stocks to Buy,False
324,"Nikola $NKLA and Arizona Public Service (APS) have received the go ahead from state utility regulators for an agreement to use surplus electricity to generate clean hydrogen gas to power fuel cell vehicles.

https://t.co/d2jddrRE9E",2021-02-12 15:55:20,stockstobuy,Stocks to Buy,False
325,"Took profits in Vroom $VRM, bought back into Hyliion $HYLN",2021-02-11 22:40:46,stockstobuy,Stocks to Buy,False
326,"After a 1,400% rally, Tesla $TSLA invests $1.5 billion in #Bitcoin 
Market Cap $800 Billion",2021-02-09 00:58:12,stockstobuy,Stocks to Buy,False
327,"Reminds me of Tesla $TSLA a few years ago....

-Needs to raise capital
-Crazy CEO 
-Apple will eventually crush them
-Company worth more than General Motors $GM and Ford $F combined which is insanity.
-Always losing money
-Will never turn a profit
-Warren Buffett is not a fan",2021-02-09 00:48:49,stockstobuy,Stocks to Buy,False
328,"#NFL Draft Report on Tom Brady in 2000

- Poor Build
- Skinny
- Lacks Great Physical Stature and Strength
- Lacks Mobility 
- Lacks a Really Strong Arm
- Can‚Äôt Drive Ball Downfield
- Doesn't Throw Tight Spiral
- System-Type Player Who Can Get Exposed
- Gets Knocked Down Easily",2021-02-09 00:43:16,stockstobuy,Stocks to Buy,False
329,"Ron Baron says Tesla's $TSLA bitcoin buy 'not surprising,' wants to explore rationale https://t.co/tiabxJ8i3W",2021-02-08 15:18:44,stockstobuy,Stocks to Buy,False
330,#Bitcoin is back above 40K.  $GBTC will do well next week! https://t.co/AeEsydeRC5,2021-02-06 14:05:52,stockstobuy,Stocks to Buy,False
331,"@ChrBello Oh my bad, I use eTrade and Ameritrade.",2021-02-05 15:05:36,stockstobuy,Stocks to Buy,False
332,Vroom $VRM is alive again!!!  Huge move this week....,2021-02-05 14:56:16,stockstobuy,Stocks to Buy,False
333,$GME short squeeze can easily take it back to $100+ but eventually it will drop to my price target of $40.  This will produce another bounce.,2021-02-05 14:54:38,stockstobuy,Stocks to Buy,False
334,@ChrBello The same instinct that led me to buy at $50 last night,2021-02-05 14:48:00,stockstobuy,Stocks to Buy,False
335,Another short squeeze could be underway though....,2021-02-05 14:47:09,stockstobuy,Stocks to Buy,False
336,Sold the rest of my GameStop $GME at $64....order to buy back at $41.,2021-02-05 14:46:30,stockstobuy,Stocks to Buy,False
337,"Update on all of my #Stocks in 2021.  Stocks mentioned $TSLA $GBTC $AMZN $NKLA $BYND #Bitcoin $BIGC $VRM
I bought GameStop $GME last night and sold half this morning, up 18%.
https://t.co/N4eZU8YHz0",2021-02-05 13:17:24,stockstobuy,Stocks to Buy,False
338,"@1985BRS19 Agreed but Nikola is a much smaller company, only $900 million in cash.",2021-02-05 12:35:55,stockstobuy,Stocks to Buy,False
339,"Tesla's $TSLA autopilot is legit. ""This will save more lives than airbags, seatbelts, ect ""https://t.co/oaNkHFFVkZ",2021-02-05 00:32:26,stockstobuy,Stocks to Buy,False
340,The Nikola $NKLA factory is coming along nicely.  Shares are up 60% so far in 2021.  Earnings due out February 25th after the close.  https://t.co/8G8BN3dGD4,2021-02-05 00:14:41,stockstobuy,Stocks to Buy,False
341,GameStop $GME is almost at my $40 price target.  I‚Äôm buying some for a bounce ü§ëü§ëü§ë https://t.co/LVYvdzQAVq,2021-02-04 22:32:05,stockstobuy,Stocks to Buy,False
342,GameStop $GME has crashed from $360 to $65 in the last five sessions. https://t.co/ohqFZ9WcDG,2021-02-04 16:47:32,stockstobuy,Stocks to Buy,False
343,Digital Turbine $APPS shares jumping 17% after blow out earning quarter,2021-02-04 14:11:17,stockstobuy,Stocks to Buy,False
344,"Amazon $AMZN price target raised to $4,400 by JPMorgan.  Buy on this weakness of CEO transition.",2021-02-03 16:04:45,stockstobuy,Stocks to Buy,False
345,@gunn07 After the close 4-4:15pm est,2021-02-02 15:29:01,stockstobuy,Stocks to Buy,False
346,"@buythehighs At these prices, no way.  I think I'm done riding that one.  Was fun and I made a lot of $$$",2021-02-02 12:49:52,stockstobuy,Stocks to Buy,False
347,Tesla's $TSLA price target raised to $880 at Morgan Stanley,2021-02-02 12:37:45,stockstobuy,Stocks to Buy,False
348,"@Christo17898422 Uptrend has been broken, you want to sell all rallies now instead of buying the dips.",2021-02-02 12:36:07,stockstobuy,Stocks to Buy,False
349,"Meanwhile, Amazon $AMZN looks ready to rip.  Earnings due out tonight....",2021-02-02 11:33:53,stockstobuy,Stocks to Buy,False
350,"GameStop $GME is crashing again, down to $158 in early pre market.  Game over.   Fun to watch the massive short squeeze though.  Over the coming months, it will likely return to $40.",2021-02-02 11:31:47,stockstobuy,Stocks to Buy,False
351,"Tesla's $TSLA price target raised to $1,200 from $515 at Piper Sandler.  ""Investors should not be selling the stock.""  Tesla should deliver 894,000 in 2021 and 9 million+ by 2030.  50% of that number will adopt full self driving.  Tesla Energy will see huge growth as well.",2021-02-01 11:39:48,stockstobuy,Stocks to Buy,False
352,Nikola $NKLA upgraded at Wedbush.  Price target raised to $25 from $15.  Bad news is already priced in; Biden green initiative could accelerate Nikola in the coming years.,2021-02-01 11:11:10,stockstobuy,Stocks to Buy,False
353,"Interactive Brokers $IBKR announced that on Friday it lifted all trading restrictions on options in AMC Entertainment $AMC, BlackBerry $BB, Express $EXPR, GameStop $GME , Koss $KOSS",2021-01-31 18:37:04,stockstobuy,Stocks to Buy,False
354,"GameStop $GME just hit $413, then dropped to $350.  Now halted.  Friday will be interesting....where will it close?",2021-01-29 14:33:35,stockstobuy,Stocks to Buy,False
355,Novavax $NVAX is up 41% on positive Covid-19 vaccine news.,2021-01-29 14:30:46,stockstobuy,Stocks to Buy,False
356,@michaelkim1964 I'm not buying.  I don't do much trading anymore.  Mainly long term investing which I post here on Twitter.,2021-01-29 12:28:32,stockstobuy,Stocks to Buy,False
357,HyreCar $HYRE was upgraded with a $17 price target,2021-01-29 12:08:15,stockstobuy,Stocks to Buy,False
358,Elon loves #Bitcoin now!  $GBTC will rally https://t.co/5mOOkQZmj8,2021-01-29 11:49:19,stockstobuy,Stocks to Buy,False
359,#Bitcoin is back....$GBTC will do well today! https://t.co/wVf2NHBIzP,2021-01-29 11:43:26,stockstobuy,Stocks to Buy,False
360,"After restricting the buying of stocks like $GME and $AMC, #Robinhood needed an emergency infusion of $1 billion to offset customer withdraws.  The company will allow ‚Äúlimited trading‚Äù of these stocks going forward.",2021-01-29 11:23:21,stockstobuy,Stocks to Buy,False
361,"Look....I had a busy day.  I just want to be able to come home, relax, take off my shoes, sit in front the computer, and buy some GameStop $GME stock.  Is that too much to ask??",2021-01-29 00:15:19,stockstobuy,Stocks to Buy,False
362,https://t.co/AreM4goHg0 https://t.co/CAoeOLKMgB,2021-01-28 23:51:52,stockstobuy,Stocks to Buy,True
363,@investordrommen #freeGME - let the masses buy if they so dare.,2021-01-28 23:12:04,stockstobuy,Stocks to Buy,False
364,GameStop $GME is up 50% to $294 in after market trading tonight.  Can‚Äôt find any news....,2021-01-28 23:02:32,stockstobuy,Stocks to Buy,False
365,Who is going into an actual GameStop $GME this weekend to buy a video game?!?  Sales will surge.....,2021-01-28 21:58:13,stockstobuy,Stocks to Buy,False
366,"Also not sure why #Robinhood is restricting transactions of stocks like $GME.  Free markets should be allowed to operated freely.  Users can make their own judgement whether to get involved.  If there is some kind of stock fraud going on, the SEC should halt shares from everyone.",2021-01-28 21:33:43,stockstobuy,Stocks to Buy,False
367,GameStop $GME has had two days of trading between $200-$400 per share.  Insiders continue to hold and the company has not filed to sell stock.  They must think its worth $500-$700.  You have to question their sanity!,2021-01-28 21:17:40,stockstobuy,Stocks to Buy,False
368,GameStop $GME bounced off $112.5 and has doubled to $225 üòÇüòÇüòÇ,2021-01-28 16:46:31,stockstobuy,Stocks to Buy,False
369,GameStop $GME has crashed from $490 to $150,2021-01-28 16:14:25,stockstobuy,Stocks to Buy,False
370,General Motors plans to exclusively offer electric vehicles by 2035 üòÇüòÇüòÇ Tesla $TSLA beat them by 30 years!! https://t.co/PCGiwNm9F0,2021-01-28 16:05:03,stockstobuy,Stocks to Buy,False
371,"@mateodos_ @RobinhoodApp Markets should be free.  If someone thinks $GME is worth $450, let them buy it.",2021-01-28 15:29:49,stockstobuy,Stocks to Buy,False
372,@ramki8 Short term volatility won‚Äôt worry long term investors.,2021-01-28 12:43:54,stockstobuy,Stocks to Buy,False
373,"Nikola $NKLA, my Top Stock Pick for 2021, came within $0.02 of its 200 day moving average yesterday.  Shares are up 87% in January.  We could see a massive short squeeze if NKLA closes above $30.42.  Even larger squeeze above $38.  These are levels to watch.  I own at $16.37.",2021-01-28 12:28:17,stockstobuy,Stocks to Buy,False
374,"It looks like we saw capitulation in #Bitcoin and $GBTC yesterday.  I think its done going down......sideways move, and then back up later this year.  I still own a little bit of $GBTC at an avg price of $4.25.",2021-01-28 12:21:20,stockstobuy,Stocks to Buy,False
375,"According to @CNBC, @CitronResearch covered their GameStop $GME short position yesterday.  They shorted shares at $40.   Shares are now gapping up to $445 in pre market and as soon as this trend breaks, I will be going short.  Very important: Not until the trend breaks though...",2021-01-28 11:56:22,stockstobuy,Stocks to Buy,False
376,"Tesla $TSLA will likely deliver 750,000-850,000 vehicles in 2021.  Tesla Semi will be a huge growth driver in 2022.  A secret product is ""in development"" right now.",2021-01-28 11:41:09,stockstobuy,Stocks to Buy,False
377,BigCommerce $BIGC is up 50% in the past five sessions.  What a difference a week makes! https://t.co/TX8g46D9mP,2021-01-27 15:51:31,stockstobuy,Stocks to Buy,False
378,"@clicquotrico Own at $16.37, my top pick for 2021.",2021-01-27 15:46:59,stockstobuy,Stocks to Buy,False
379,The GameStop $GME crowd has officially put the Nikola $NKLA short sellers on notice.,2021-01-27 15:31:56,stockstobuy,Stocks to Buy,False
380,@TAzulay5 $GME just dropped from $275 to $190 so it might have already happened.,2021-01-27 11:55:39,stockstobuy,Stocks to Buy,False
381,GameStop $GME should file to sell $2 billion worth of stock in the open market.   They‚Äôd be set for a long time.,2021-01-27 11:44:01,stockstobuy,Stocks to Buy,False
382,"@TAzulay5 Yes, today is likely the top and then it will eventually go back to $20-$30.",2021-01-27 11:35:14,stockstobuy,Stocks to Buy,False
383,GameStop $GME is going to crash like Eastman Kodak $KODK did!!,2021-01-27 11:29:43,stockstobuy,Stocks to Buy,False
384,@Alex_85S @ericjinkim86 I bought at $16.37,2021-01-26 17:41:48,stockstobuy,Stocks to Buy,False
385,"@ericjinkim86 I buy when I feel a good stock is not priced correctly.  Then, I try to figure out what a stock is worth based on things going right.  So many things can go right for $NKLA this year.  The stock is still priced for failure.",2021-01-26 17:13:40,stockstobuy,Stocks to Buy,False
386,Nikola's $NKLA 10 day moving average broke above the 50 day today.  Only the 2nd time this has happened since the stock began trading.  200 day is up around $30.  The bottoming phase is soon complete.,2021-01-26 16:45:48,stockstobuy,Stocks to Buy,False
387,"@Mediic_xRain No, Buy $SPCE at $24, Buy $NKLA below $17.....sold $SPCE at $38",2021-01-26 14:45:55,stockstobuy,Stocks to Buy,False
388,@MyolLife Own $NKLA in the $16's üòòüòò,2021-01-26 14:41:20,stockstobuy,Stocks to Buy,False
389,Nikola $NKLA looks ready to explode.....needs a little bit of good news to ignite.,2021-01-26 14:40:22,stockstobuy,Stocks to Buy,False
390,"Sold my entire Virgin Galactic $SPCE position at $38....purchased around $24 just recently.   Before that, bought at $15.50, sold between $31-$32.",2021-01-26 14:37:50,stockstobuy,Stocks to Buy,False
391,"HUGE NEWS üéâ Beyond Meat is partnering with @PepsiCo to create #ThePLANeTpartnership. Together we‚Äôll be developing snacks + drinks with plant-based protein; today marks an important day in our journey to build a more sustainable food system. 

More here:  https://t.co/Tx5Vun8Fk7 https://t.co/GaeVh0kk8O",2021-01-26 14:02:03,stockstobuy,Stocks to Buy,True
392,Beyond Meat $BYND shares soar after teaming up with PepsiCo for plant-based products https://t.co/8aYB5zgtAQ,2021-01-26 13:59:57,stockstobuy,Stocks to Buy,False
393,"Tesla $TSLA is racing toward $900 after the analyst at Baird mentioned something I've been dreaming about for years.  Could Elon Musk be getting ready to combine all of his businesses into Tesla?  SpaceX, Boring Company, Starlink, ect.....  It would be epic!",2021-01-25 15:34:54,stockstobuy,Stocks to Buy,False
394,@stockbuy1 $150-$200,2021-01-21 18:12:49,stockstobuy,Stocks to Buy,False
395,@sajanpatel24 $BIGC up 11% today üî•,2021-01-21 16:42:09,stockstobuy,Stocks to Buy,False
396,BigCommerce $BIGC IPO lockup expiration on Feb 1st.   Stock should rebound in 2021.  Great company!,2021-01-21 14:39:12,stockstobuy,Stocks to Buy,False
397,Tesla $TSLA fourth-quarter registrations in California jump 63% https://t.co/fmGYFWnNtD,2021-01-21 14:24:02,stockstobuy,Stocks to Buy,False
398,@wand948 I love $BIGC down here. IPO lock up expiration on or around Feb 5th and then shares should see a rebound for the rest of 2021.,2021-01-21 12:28:17,stockstobuy,Stocks to Buy,False
399,"Tesla $TSLA price target raised to $1,036 at Oppenheimer.  Tesla is years ahead of competition on autonomous driving.",2021-01-20 15:00:56,stockstobuy,Stocks to Buy,False
400,@mono_trader Interesting take,2021-07-02 02:09:20,StocksToTrade,StocksToTrade,False
401,What trading lessons did you learn today?,2021-07-02 01:27:58,StocksToTrade,StocksToTrade,False
402,Citadel was 27% of Robinhood's $420MM in transaction-based Q1 revenue $HOOD #Robinhood #Citadel #Suits,2021-07-01 17:27:28,StocksToTrade,StocksToTrade,True
403,"Krispy Kreme, trading on the NASDAQ as $DNUT, has officially IPO'd today, opening at $16.30 per share and has hit a high of $19 per share so far!",2021-07-01 17:09:35,StocksToTrade,StocksToTrade,False
404,Perseverance is the hard work you've done after you get tired of doing all the hard work you already did while failing,2021-07-01 16:04:03,StocksToTrade,StocksToTrade,False
405,https://t.co/2lyWRBgLEa,2021-07-01 12:29:58,StocksToTrade,StocksToTrade,False
406,"Life is about sacrifice. The key is to be intentional with your sacrifices.

Every opportunity you say ‚Äúyes‚Äù to means you‚Äôre saying ‚Äúno‚Äù to plenty more.

Find what makes you happiest and never sacrifice too much of it.",2021-06-30 23:15:17,StocksToTrade,StocksToTrade,False
407,"Wish ‚Ä¶ #Robinhood agrees to paying quite the fine for some of their mishaps!

 Learn all about how much they‚Äôre paying and why in our latest blog post:

https://t.co/BcaCRKxYry",2021-06-30 22:05:47,StocksToTrade,StocksToTrade,False
408,"June 2021: +$99,395

ALMOSTTTT $100k. I'm super proud of how I traded this month since this wasn't necessarily the hottest month. Only had one red day this month but I was able to push a little more size than usual. New biggest trade ever this month on $VTNR. @timothysykes https://t.co/4bk490ISfS",2021-06-30 22:04:11,StocksToTrade,StocksToTrade,True
409,We've got an AWESOME 4th of July sale coming tomorrow ... stay tuned üëÄ https://t.co/nnNXAXlcOR,2021-06-30 20:54:59,StocksToTrade,StocksToTrade,False
410,"+$10,000 today. What a wild day. New biggest trade of all time on $VTNR which was alerted in @SmallCapRockets with a plan as to why I was using size and why I thought it still had massive potential. Amazing end to the month, will do a monthly recap later today :) https://t.co/hwniGt16Zg",2021-06-30 20:53:38,StocksToTrade,StocksToTrade,True
411,Are you trading well and staying safe on this Wednesday afternoon?,2021-06-30 16:15:47,StocksToTrade,StocksToTrade,False
412,"FINRA Orders Record Financial Penalties Against Robinhood Financial LLC, Firm Ordered to Pay Approximately $70 Million for Systemic Supervisory Failures and Significant Harm Suffered by Millions of Customers #Robinhood #finra #broker #robinhoodbroker",2021-06-30 14:36:58,StocksToTrade,StocksToTrade,True
413,"You know someone turned the market back on when there's a 100% runner in premarket! What are your top watches?

$CUEN $VTNR $BLIN $BRQS $OCUP $VERB $ASTS $STRM $DARE $SLS $POAI $BHTG $BBI https://t.co/9Tt7Qy9EYi",2021-06-30 12:58:58,StocksToTrade,StocksToTrade,False
414,https://t.co/BMaTTVtZ7l,2021-06-30 12:30:13,StocksToTrade,StocksToTrade,False
415,"Join me in a live Q&amp;A webinar and have the chance to be on the TWIST podcast with @Jackaroo_Trades @mono_trader !

To access the webinar:
- Purchase a shirt from https://t.co/OPBHNAFXbz using the code KYLETRADING
- 1 shirt = 1 entry to be picked for TWIST https://t.co/AKCjoHf7jE",2021-06-30 02:21:27,StocksToTrade,StocksToTrade,True
416,"Here's a quick recap on my $8,200 trade on $VTNR which decided to be a prick face and work after hours instead of when I had my full account on it
https://t.co/nMtxyp8EkZ",2021-06-29 23:22:58,StocksToTrade,StocksToTrade,True
417,"It's only an issue when you hit 8 margin calls, right? https://t.co/RSD8WC1YDe",2021-06-29 23:22:49,StocksToTrade,StocksToTrade,False
418,"$100 invested in the market back in the year 1900 would be worth around $8.6 million today.

$100 invested in a savings account back in the year 1900 would be worth roughly $102 today.

Focus on methods where you can compound your money over time, not just save it.",2021-06-29 19:45:34,StocksToTrade,StocksToTrade,False
419,"The party never ends ... or does it?

These hot markets have historically similar, except for this one has been a very group focused effort. 

Join @tbohen @kimanncurtin and @Peter_Atwater as they talk about this current market. Link to full episode in bio! https://t.co/BRMUFJYsYd",2021-06-29 19:24:36,StocksToTrade,StocksToTrade,False
420,"In this picture of several of my top https://t.co/occ8wKmlgm students who have each passed $1 million in profits, guess which one is the real @TraderBryce who by the way has made $13k today and is now over $600k in trading profits so we always say 'If Bryce can do it, ANYONE CAN' https://t.co/QpyhZIozZf",2021-06-29 18:57:43,StocksToTrade,StocksToTrade,True
421,Rest in peace to all $BSQR short sellers from this morning,2021-06-29 17:17:06,StocksToTrade,StocksToTrade,False
422,To whoever turned the market back on ... thanks!,2021-06-29 15:10:29,StocksToTrade,StocksToTrade,False
423,"Those who have given up are often those with the loudest criticism. 

Never let anyone tell you that you're not capable because chances are they were actually the ones that weren't capable.",2021-06-28 21:09:01,StocksToTrade,StocksToTrade,False
424,Join @mono_trader on his Minute Tip Monday as he explains his take on when it‚Äôs best to sit out of a trade! What‚Äôs the last trade you sat out of? https://t.co/dOKWbJaqWW,2021-06-28 20:35:40,StocksToTrade,StocksToTrade,False
425,"Whewwwww, what a day giving an all day webinar, +$5,000ish for me on $PBYA $HPIL $REPO $WSRC and some new potential plays tomorrow on $LWLG $HTZGQ $MJWL congrats to @traderkylec on his +$5,500 today &amp; man child @TraderBryce on his +$7,500...if Bryce can do it then ANYONE CAN!",2021-06-28 20:11:03,StocksToTrade,StocksToTrade,True
426,"Meme stocks are the new wave for many retail investors and traders. But what exactly are they and which are the best to watch?

Check out our latest blog to learn which ones are the best ones to keep an eye on and why they're taking the internet by storm!

https://t.co/3eJ2DbOJn5",2021-06-28 15:24:09,StocksToTrade,StocksToTrade,False
427,"Good morning and happy Monday! Here are your StocksToTrade Top % Gainers so far this morning ... which are your favorites?

$MRIN $RSLS $MXC $ABUS $ITRM $MNKD $MDWD $BLIN $DTIL $PBLA $BODY $CATB $UBX $CCXI https://t.co/cZAb79PRIF",2021-06-28 12:29:03,StocksToTrade,StocksToTrade,False
428,Happy Sunday! Use this day to rest up and prepare for tomorrow. What are you doing today to be a better trader tomorrow?,2021-06-27 13:28:31,StocksToTrade,StocksToTrade,False
429,"Happy Saturday, traders! Who getting their studying in today on StocksToTrade to help you end the month of June strong?",2021-06-26 17:29:29,StocksToTrade,StocksToTrade,False
430,"On a positive note, I am officially over $600K in trading profits! I crossed this yesterday and totally forgot. 40% of the way to go to becoming a millionaire trader! @timothysykes https://t.co/wXfYQXwM7G",2021-06-26 17:28:56,StocksToTrade,StocksToTrade,True
431,"Ex-Officer Derek Chauvin sentenced to 22 1/2 years in prison for killing George Floyd, whose dying gasps under Chauvin‚Äôs knee led to reckoning on racial injustice. #ChauvinSentencing #CHAUVIN #ChauvinIsGuilty #GEORGE #georgefloydtrial",2021-06-25 21:01:04,StocksToTrade,StocksToTrade,True
432,Failure is nothing more than your opportunity to intelligently start again.,2021-06-25 18:37:27,StocksToTrade,StocksToTrade,False
433,How is your Friday trading day going?,2021-06-25 16:22:55,StocksToTrade,StocksToTrade,False
434,"IPO ALERT!

For those of you that didn't catch the buzz, there's a new IPO coming to the market: Buzzfeed. But what are all the details?

Check out our latest blog post to learn all about it

https://t.co/LotlJO1qO4",2021-06-25 14:46:26,StocksToTrade,StocksToTrade,False
435,https://t.co/NJ2RiwHRsN,2021-06-25 12:30:04,StocksToTrade,StocksToTrade,False
436,"Money can be inherited.
Status can be faked.
Power can be negotiated.
But greatness is up to you.",2021-06-24 19:07:39,StocksToTrade,StocksToTrade,False
437,"ATTENTION TWIST FANS:

Our TWIST hosts will be doing a live episode this week (more info to come on date and time). And they want YOUR questions to be answered on this special episode. Drop your top questions in the comment section below üëá",2021-06-24 15:18:21,StocksToTrade,StocksToTrade,False
438,Who has followed their plans and stayed disciplined this morning?,2021-06-24 14:57:38,StocksToTrade,StocksToTrade,False
439,Looky who I found‚Ä¶ @Jackaroo_Trades @traderkylec @Dom_Mastro10 @MikeHuddie @mari_trades @mono_trader @TraderBryce #gang https://t.co/WWKVWlAVlr,2021-06-24 14:57:04,StocksToTrade,StocksToTrade,True
440,https://t.co/sMpXnVXih0,2021-06-24 12:30:54,StocksToTrade,StocksToTrade,False
441,The first step to being a great trader is understanding and accepting when you are wrong,2021-06-23 20:53:31,StocksToTrade,StocksToTrade,False
442,"$LTNC hit $0.01 today. This is another great example of when it's GREAT to ride the hype, but never believe it as @timothysykes would say.

Use this chart as an example of why it's important to take gains, stay safe, and ALWAYS follow your plan! https://t.co/upi9MV1A8A",2021-06-23 16:18:28,StocksToTrade,StocksToTrade,False
443,What's your top stock to watch this morning?,2021-06-23 13:15:58,StocksToTrade,StocksToTrade,False
444,https://t.co/bDPbtZ2pQG,2021-06-23 12:30:13,StocksToTrade,StocksToTrade,False
445,"What a wild day! Finally a HOT HOT HOT OTC runner, $WSRC!

And you already know @sttbreakingnews had the early alert on the trade. If you aren‚Äôt using STT breaking news, you‚Äôre missing out!

Check out this brand new blog post highlighting this EXACT trade

https://t.co/KkU5j3fpCI",2021-06-22 23:57:12,StocksToTrade,StocksToTrade,False
446,$AMC is truly a spectacle to watch,2021-06-22 18:39:24,StocksToTrade,StocksToTrade,False
447,"This INSANE chart of $WSRC today is reason #49395832839 to use @sttbreakingnews every single damn day, congrats to sooooo many https://t.co/occ8wKDW7U students and I who are just absolutely banking on this one, what a rush! It's been a while since the similar $MDMP $AABB runners! https://t.co/4UOH5p1kbq",2021-06-22 17:17:20,StocksToTrade,StocksToTrade,True
448,@kimanncurtin @tbohen @Jonk87,2021-06-22 16:18:13,StocksToTrade,StocksToTrade,False
449,"You all know the stats ... roughly 90% of traders lose.

But why? Most likely because they give up before they understand their true potential - because they couldn't find their drive.

Tune into SteadyTrade to learn how to find your drive for success!

https://t.co/H1luUmIkUA",2021-06-22 16:03:20,StocksToTrade,StocksToTrade,False
450,What are your midday plans to help you get more prepared as a trader and not trade during the illiquid midday?,2021-06-22 15:21:15,StocksToTrade,StocksToTrade,False
451,"Prime Day might be over, but $BTC is now available for less than $30K, over 50% off highs!",2021-06-22 13:19:03,StocksToTrade,StocksToTrade,False
452,https://t.co/W9fkeEb9oG,2021-06-22 12:30:40,StocksToTrade,StocksToTrade,False
453,"You might not be able to do anything about the past, but you can do everything about the future.",2021-06-22 11:00:45,StocksToTrade,StocksToTrade,False
454,"9:56pm study check, retweet/favorite this if you're still up studying, making your watchlist for tomorrow or if you used @StocksToTrade to make a trade or papertrade today. Focus on learning something new each day and you'll be surprised at how yor knowledge compounds over time!",2021-06-22 03:05:58,StocksToTrade,StocksToTrade,True
455,"""Buy the Rumor, Sell the News""

Is it a coincidence that the all-time high of $DOGE was the day the #DogeFather appeared on Saturday Night Live?

Whether this rebounds or not, #dogecoin is still down 70%+ from highs. What do you think ... can #doge recover? https://t.co/fo5kiPMlnz",2021-06-21 20:20:07,StocksToTrade,StocksToTrade,False
456,"#dogecoin is a perfect example of why it's always important to take gains when possible. Even with the #DogeFather, $DOGE still wasn't able to hold near highs and is now down to nearly $0.20 per coin.",2021-06-21 17:57:59,StocksToTrade,StocksToTrade,False
457,"2 trades, 2 wins - don't see 100% win rate often!!

$8,052 in da bank!! üíµ

@SmallCapRockets nailed the plays on $UONE $WISH https://t.co/pk8kUnEiKx",2021-06-21 16:53:17,StocksToTrade,StocksToTrade,True
458,@TradeRealtime @TradeIdeas There shouldn't be. Email support@stockstotrade.com and they will get it figured out so you're up and running in no time!,2021-06-21 13:04:28,StocksToTrade,StocksToTrade,False
459,"To help you get prepared this Monday morning, here are the StocksToTrade Top % Gainers!

Which are you keeping an eye on?

$AIE $TRCH $MNOV $EARS $ENOB $SYPR $LKCO $GLBS $GSAT $AYTU $WISH $ATOS https://t.co/XmWV10WCb1",2021-06-21 13:03:46,StocksToTrade,StocksToTrade,False
460,@mogambo_trades Shoot an email out to support@stockstotrade.com and they'll help everything get taken care of!,2021-06-21 12:30:25,StocksToTrade,StocksToTrade,False
461,https://t.co/33XzwY5AuE,2021-06-21 12:29:57,StocksToTrade,StocksToTrade,False
462,GOOD MORNING! Hope you all had a nice weekend and are ready to come back in full force for another volatile week in the stock market! WHO'S READY?!,2021-06-21 12:23:31,StocksToTrade,StocksToTrade,False
463,"And of course, for those of you who have wanted to check out StocksToTrade and all our awesome features like @SmallCapRockets and the Breakouts and Breakdowns room, now is the perfect time. Hit the link below to take advantage of a special 2-week trial!

https://t.co/UOXJaiAJzb",2021-06-20 16:25:50,StocksToTrade,StocksToTrade,False
464,"Happy #FathersDay to all the fathers out there! However you decide to spend it, whether that be with your family or friends, make sure you have the greatest day possible! And of course, make sure to be ready for another day of trading tomorrow :)",2021-06-20 16:23:04,StocksToTrade,StocksToTrade,False
465,"Thankyou @StocksToTrade @tbohen and @kroyrunner89 Fine tuned my scans, time to build the watchlist ‚úÖ https://t.co/H2UU7uvukM",2021-06-20 15:48:33,StocksToTrade,StocksToTrade,True
466,"Most beginning traders need to focus on consistency over intensity. For example:

Intensity:
- studying charts for 24 hours straight
- trading all day without a break

Consistency:
- studying for a set amount of time, every day
- selecting the best times of the day to trade",2021-06-19 21:54:43,StocksToTrade,StocksToTrade,False
467,@timothysykes NO DAYS OFF!,2021-06-19 19:56:54,StocksToTrade,StocksToTrade,False
468,"Whatcha think of my office here...do you like the view?!? I hope you're having a great Saturday, but no matter where you are, remember to also put in some screen time &amp; STUDY HARD! Too few people take the time to study when the markets are closed &amp; that holds them back BIGTIME! https://t.co/mgaz66Havw",2021-06-19 19:56:48,StocksToTrade,StocksToTrade,True
469,"In 15 seasons of playing basketball, Michael Jordan made roughly $90 Million.

In 24 minutes of fighting a YouTuber, Floyd Mayweather made $100 Million.

What is happening",2021-06-19 13:49:10,StocksToTrade,StocksToTrade,False
470,Update: @stoolpresidente is back as of 2 minutes after this was posted https://t.co/Kduhx1Txno,2021-06-19 01:23:06,StocksToTrade,StocksToTrade,False
471,"BREAKING NEWS:

Twitter has suspended the account of Barstool‚Äôs Dave Portnoy, who is also a large share owner of $PENN",2021-06-19 01:07:34,StocksToTrade,StocksToTrade,False
472,"Wanna know what Dad's are? They're rad. Dad's are RAD!

And for Father's Day this year, we're running a TWIST bundle where you get access to StocksToTrade, Small Cap Rockets, Breakouts and Breakdowns for just $20!

Learn more about it all here:

https://t.co/cG6BESpWRa",2021-06-18 19:16:44,StocksToTrade,StocksToTrade,False
473,Like and retweet if you're staying safe and trading disciplined so far today!,2021-06-18 16:03:40,StocksToTrade,StocksToTrade,False
474,Canada says it is extending restrictions on non-essential travel at U.S. land borders through July 21 #Canada #COVID19 #coronavirus #restrictions,2021-06-18 14:21:45,StocksToTrade,StocksToTrade,True
475,"$ORPH is the epitome of a low float stock, going from $77.77 to under $6 in a matter of 7 days.",2021-06-18 12:45:55,StocksToTrade,StocksToTrade,False
476,https://t.co/GQHKW0FaRy,2021-06-18 12:29:57,StocksToTrade,StocksToTrade,False
477,"ANNOUNCEMENT: Scripts To Trade family! This is a VERY special moment for our company! We have now finalized a partnership deal with @StocksToTrade @timothysykes and all of our indicators and future releases will be available for the @StocksToTrade platform. Get ready! 

üö® üö® üö® https://t.co/eeVM5OofnQ",2021-06-17 22:32:40,StocksToTrade,StocksToTrade,True
478,@WRXLESS_ @mono_trader https://t.co/F9LdpVO71W,2021-06-17 22:25:11,StocksToTrade,StocksToTrade,False
479,"In one GIF, describe the market today",2021-06-17 22:15:31,StocksToTrade,StocksToTrade,False
480,@jranav327 @scriptstotrade Sure do!,2021-06-17 22:05:19,StocksToTrade,StocksToTrade,False
481,"We have some EXCITING news coming to the STT platform...

Ever heard of @scriptstotrade? They make amazing chart indicators like Warzone and Backside. 

Well ... we're proud to announce they'll be available for STT users soon!

Which indicator are you most excited to use on STT?",2021-06-17 21:37:10,StocksToTrade,StocksToTrade,False
482,$AMC just won‚Äôt stop https://t.co/syey4eZQqR,2021-06-17 18:58:56,StocksToTrade,StocksToTrade,False
483,"Click the link to check out our TikTok for more free insight on our traders‚Äô strategies:

https://t.co/Wt5Ix6TjJR https://t.co/HMCn8w8vUQ",2021-06-17 17:04:36,StocksToTrade,StocksToTrade,False
484,"The Fed had an important meeting yesterday regarding inflation and the future of the stock market. But what's actually going to happen in the future?

Check out our recent blog post recap of this important meeting and what it means for the economy

https://t.co/JSpK5aR3UG",2021-06-17 15:22:32,StocksToTrade,StocksToTrade,False
485,https://t.co/hjO5ehgRO7,2021-06-17 12:29:59,StocksToTrade,StocksToTrade,False
486,"Just finished watching and taking notes on Bryce's  Stocks to Trade webby from today.  Thanks for the awesome breakdown on how you do it &amp; what you look for.  So helpful and looking forward to next Wednesday!  Thanks a million$!  @TraderBryce , @StocksToTrade , @tbohen ,",2021-06-16 23:08:25,StocksToTrade,StocksToTrade,True
487,"Want to get your trading mindset right?

@kimanncurtin has your back! The Trading EQ is meant to help you with trading psychology and trading mentality - one of the most IMPORTANT pieces for any consistent trader.

Learn more about it here:

https://t.co/1gW5T80CwF https://t.co/oOS0RIKELf",2021-06-16 20:57:05,StocksToTrade,StocksToTrade,False
488,"Full episode: https://t.co/AOwjI7ymez

Hosts: @tbohen @kimanncurtin @Jonk87",2021-06-16 16:54:15,StocksToTrade,StocksToTrade,False
489,"Process. Over. Profits.

We can‚Äôt stress this enough, and neither can @TraderBryce, our guest on this week‚Äôs episode of SteadyTrade.

Watch the full episode to learn Bryce‚Äôs process and how he redefined his trading strategy to find consistency in the market. Link in comments/bio! https://t.co/jSikcLxyxM",2021-06-16 16:54:14,StocksToTrade,StocksToTrade,False
490,The fact $AMC is still up over $50 has gotta have these hedge funds sweating a little https://t.co/wrwoS4Y2aJ,2021-06-16 15:30:40,StocksToTrade,StocksToTrade,False
491,"New live trading webinar starting now for my https://t.co/occ8wKmlgm students, let's see what we got today, nice to see some big % gainers early on premarket on @StocksToTrade so it could be a good day! $SPI $FORD $TRCH",2021-06-16 13:22:40,StocksToTrade,StocksToTrade,True
492,"To help you get prepared on this Hump Day, here are the Top Percent Gainers so far this Wednesday morning!

$APRE $KIN $AUVI $GTEC $SPI $FORD $CATB $XYF $TRCH $GNSS $EVK $MNKD $BCTX

Which are your favorite watches for today? https://t.co/tzsdFH7NTm",2021-06-16 13:16:25,StocksToTrade,StocksToTrade,False
493,https://t.co/we7hu3DL5a,2021-06-16 12:29:59,StocksToTrade,StocksToTrade,False
494,"10:16pm study check, retweet/favorite this if you‚Äôre still up studying, making your watchlist for tomorrow or if you used @StocksToTrade to make a trade or papertrade today‚Ä¶every new day is an opportunity to learn so study up, trade carefully &amp; get experience/mastery over time!",2021-06-16 03:54:40,StocksToTrade,StocksToTrade,True
495,"Trading mindset is ... EVERYTHING! But how do you actually master it?

If you‚Äôre trying to master your trading mind, look no further. @kimanncurtin just launched Trader EQ to help your trading mindset. Learn how it can help your trading today:

https://t.co/1gW5T8idVf",2021-06-15 19:40:22,StocksToTrade,StocksToTrade,False
496,@bkostichb @tbohen @timothysykes Keep it up!,2021-06-15 17:52:12,StocksToTrade,StocksToTrade,False
497,"Short sellers choosing a vowel on meme stocks this year

$AMC $GME #AMCSqueeze #AMCARMY #AMC #GME https://t.co/PFBzIsMNjZ",2021-06-15 17:12:48,StocksToTrade,StocksToTrade,False
498,What is your midday trading routine to help you stay disciplined?,2021-06-15 16:59:36,StocksToTrade,StocksToTrade,False
499,"As we make our way into midday trading, here are the Top % Gainers from our STT Top % Gainer Scanner so far today!

$ALF $TRCH $GWHP $RSCP $CLSD $FOA $MMATF $XYF $UFAB $FUSN $ZNOG $REAX $INTEQ

Which are your favorite to watch for the afternoon? https://t.co/7QITLCUCMm",2021-06-15 15:32:09,StocksToTrade,StocksToTrade,False
